aaaammgg,settimanay,TM101,TM102,TM103,TM201,TM202,TM203,TM204,TM205,TM206,TM207,TM208,TM209,TM210,TM211,TM212,TM301,TM302,TM303,TM304,TM305,TM306,TM307,TM308,TM401,TM402,TM403,TM501,TM502,TM503,TM601,TM602,TM603,TM701,TM702,TM703,TM704,TM705,TM706,TM707,TM708,TM709,TM710,TM711,TM712,TM801,TM802,TM803,DF101,DF102,DF103,DF104,DF105,DF106,DF201,DF202,DF203,DF204,DF205,DF206,DF207,DF208,DF209,DF210,DF301,DF302,DF303,DF401,DF402,DF404,DF405,DF406,DF407,DF408,DF409,DF410,DF411,DF412,DF413,DF502,DF503,DF504,DF601,DF604,DF605,DF606,DF607,DF608,DF609,DF610,DF611,DF612,DF701,DF702,DF703,DF801,DF802,DF803,DF804,DF805,DF806,DF807,DF808,DF809,DF810
20140101,1,13.7,12.5,10.35,13.8,12.625,10.35,13.25,12.5,11.075,10.8,10.175,12.7,10.075,10.275,11.8,13.7,12.35,11.675,13.55,13.3,12.6,12.075,11.225,13.275,10.8,10.65,13.3,10.95,9.675,13.425,11.075,9.6,13.775,12.075,8.5,13.55,13.15,11.525,10.45,7.325,12.575,9.25,8.825,10.025,13.675,11.9,9.7,0.1125,-0.0575,-0.14,0.19,-0.185,-0.11,-0.2975,-0.5775,-0.6025,-0.3475,0.0175,-0.9475,-0.4575,-0.1625,-0.805,-0.4275,0.125,0.165,-0.07,-0.2575,-0.4225,-0.3675,-0.08,-1.14,-1.0475,-0.39,0.0275,-1.0075,-0.5325,-0.435,-0.055,0.19,-0.2475,-0.185,-0.58,-1.0475,-0.94,-1.245,-1.44,-1.39,0.2,-1.325,-0.7375,-0.52,-0.2025,0.0075,-0.149987489201562,-0.605,-0.6825,-0.905,-1.1425,-1.1075,-0.995,-0.065,-1.1975,0.529161179009674,-0.38
20140104,1,13.5,12.45,10.125,13.6,12.575,10.825,13.1,12.4,11.9,11.325,10.575,12.6,10.45,9.775,11.6,13.5,12.425,11.15,13.4,13.175,12.4,11.875,10.9,13.1,11.4,10.175,13.1,11.4,9.4,13.3,11.5,9.4,13.6,12.225,10.025,13.4,12.95,11.725,10.45,9.7,12.5,9.85,8.325,9.8,13.5,11.925,9.4,0.065,-0.0625,-0.1325,0.1825,-0.2125,-0.105,-0.3075,-0.5575,-0.59,-0.3475,0.0325,-0.94,-0.4475,-0.15,-0.8025,-0.42,0.1175,0.17,-0.07,-0.285,-0.44,-0.3675,-0.0925,-1.12,-1.025,-0.39,0.0425,-0.98,-0.52,-0.43,-0.0575,0.19,-0.24,-0.1875,-0.7025,-1.0575,-0.925,-0.731341262230811,-1.3725,-1.2975,0.2025,-1.3375,-0.665,-0.5275,-0.245,0.0075,-0.13,-0.66,-0.6925,-0.905,-1.1825,-1.1,-0.9375,-0.07,-1.205,0.480218497281054,-0.38
20140107,2,13.475,12.6,10.9,13.575,12.625,12.1,13.1,12.4,11.1,10.85,11.725,12.6,10.4,10.675,11.7,13.5,12.275,12.5,13.35,13.05,12.5,12.0,12.675,13.1,10.875,11.425,13.1,11.125,10.25,13.25,11.5,10.15,13.55,12.5,9.075,13.35,12.8,11.975,11.1,8.2,12.5,9.8,9.275,10.0,13.475,12.2,10.025,0.07,-0.06,-0.1325,0.1975,-0.25,-0.1,-0.3225,-0.59,-0.605,-0.355,0.02,-0.9475,-0.43,-0.16,-0.8075,-0.42,0.0975,0.1675,-0.07,-0.33,-0.4725,-0.36,-0.0475,-1.13,-0.9925,-0.32,0.0225,-0.975,-0.5,-0.4225,0.005,0.195,-0.26,-0.21,-0.5825,-0.9525,-0.7775,-1.19,-1.2675,-1.1775,0.21,-1.285,-0.63,-0.5175,-0.23,0.015,-0.1325,-0.635,-0.68,-0.8575,-1.1475,-1.0725,-0.9075,-0.0575,-1.165,0.504632419195935,-0.38
20140110,2,13.3,12.5,10.725,13.4,12.3,11.2,13.0,12.3,10.95,10.6,10.375,12.525,10.325,10.3,11.6,13.3,11.875,11.525,13.2,13.0,12.4,12.025,11.15,12.95,10.725,10.55,12.95,10.875,9.675,13.1,11.225,9.825,13.375,12.35,10.05,13.2,12.75,11.8,10.725,9.35,12.4,9.825,8.875,9.9,13.3,12.025,9.975,0.06,-0.0625,-0.13,0.1925,-0.2625,-0.1,-0.31,-0.5425,-0.59,-0.3375,0.025,-0.92,-0.42,-0.155,-0.795,-0.42,0.1125,0.18,-0.07,-0.23,-0.3725,-0.3375,-0.095,-1.0525,-0.97,-0.3475,0.0525,-0.935,-0.5,-0.4125,0.01,0.2,-0.26,-0.21,-0.6125,-0.9525,-0.7575,-1.17,-1.2225,-1.1275,0.21,-1.2725,-0.59,-0.515,-0.2525,0.01,-0.13,-0.6575,-0.685,-0.86,-1.1625,-1.08,-0.895,-0.06,-1.1625,0.48388361479111,-0.38
20140113,3,13.2,12.475,11.15,13.3,12.275,12.0,12.95,12.2,10.425,10.3,10.625,12.5,10.05,10.7,11.6,13.25,11.6,12.425,13.1,12.875,12.3,11.925,12.425,12.9,10.25,11.425,12.9,10.475,10.275,13.0,11.125,10.225,13.3,12.425,9.525,13.1,12.7,11.75,11.025,8.325,12.4,9.7,9.375,10.0,13.2,12.075,10.35,0.055,-0.06,-0.13,0.2075,-0.2925,-0.09,-0.3175,-0.5525,-0.595,-0.33,0.02,-0.91,-0.4075,-0.16,-0.795,-0.4175,0.1,0.1825,-0.07,-0.26,-0.3875,-0.32,-0.0725,-1.0475,-0.96,-0.305,0.045,-0.92,-0.4825,-0.405,0.0275,0.205,-0.27,-0.22,-0.54,-0.885,-0.66,-1.09,-1.1475,-1.0425,0.22,-1.225,-0.55,-0.505,-0.245,0.02,-0.1325,-0.64,-0.68,-0.8325,-1.1375,-1.0575,-0.8775,-0.05,-1.1375,0.503022096657329,-0.37
20140116,3,13.1,12.3,10.6,13.175,11.975,10.8,12.8,12.1,10.475,10.175,9.9,12.4,10.025,10.125,11.5,13.1,11.6,11.425,13.0,12.75,12.1,11.775,11.25,12.8,10.35,10.425,12.8,10.6,9.625,12.9,11.15,9.825,13.2,12.25,9.25,13.0,12.6,11.7,10.7,8.3,12.3,9.575,8.925,9.975,13.1,11.975,9.9,0.0725,-0.06,-0.13,0.21,-0.315,-0.09,-0.3025,-0.5225,-0.5825,-0.32,0.025,-0.9,-0.4,-0.155,-0.785,-0.4125,0.12,0.19,-0.07,-0.175,-0.305,-0.31,-0.1,-0.9875,-0.9175,-0.305,0.0625,-0.8925,-0.4875,-0.3975,0.065,0.21,-0.2725,-0.22,-0.5025,-0.84,-0.625,-1.0375,-1.0925,-1.005,0.225,-1.2,-0.5375,-0.5,-0.24,0.02,-0.13,-0.635,-0.675,-0.8375,-1.1325,-1.0475,-0.8825,-0.04,-1.1275,0.492288805366786,-0.37
20140119,4,13.0,12.275,11.1,13.1,12.45,11.55,12.8,12.0,11.95,11.75,11.425,12.4,11.25,10.8,11.5,13.0,12.325,11.575,12.9,12.6,12.025,11.6,11.625,12.7,11.875,11.025,12.7,11.7,10.65,12.8,11.65,10.575,13.1,12.175,11.125,12.9,12.5,11.8,11.075,10.9,12.3,10.75,10.025,10.1,13.0,11.9,10.625,0.0,-0.07,-0.12,0.2,-0.345,-0.09,-0.3375,-0.555,-0.5775,-0.345,0.03,-0.9125,-0.39,-0.15,-0.8,-0.4075,0.0925,0.1875,-0.07,-0.365,-0.485,-0.3575,-0.07,-1.0975,-0.9025,-0.2425,0.0575,-0.8975,-0.4525,-0.3925,0.08,0.2,-0.27,-0.245,-0.67,-0.8575,-0.5475,-1.1275,-0.9825,-0.805,0.22,-1.2225,-0.395,-0.5,-0.295,0.0175,-0.13,-0.71,-0.6875,-0.8025,-1.1775,-1.035,-0.77,-0.0525,-1.12,0.440961361233355,-0.375
20140122,4,13.0,12.3,11.45,13.1,12.45,11.6,12.8,12.1,11.85,11.875,11.175,12.4,11.25,11.475,11.65,13.0,12.2,12.45,12.9,12.6,12.15,11.95,11.875,12.7,11.7,11.65,12.7,11.6,11.075,12.9,11.65,10.975,13.1,12.3,10.825,12.95,12.4,11.85,11.425,10.45,12.3,10.8,10.55,10.375,13.0,12.025,10.975,0.0025,-0.07,-0.12,0.21,-0.37,-0.08,-0.3375,-0.5475,-0.5775,-0.33,0.0225,-0.895,-0.37,-0.16,-0.7975,-0.4,0.085,0.19,-0.07,-0.3225,-0.425,-0.3225,-0.075,-1.025,-0.82,-0.19,0.0525,-0.835,-0.43,-0.38,0.1325,0.2,-0.28,-0.2575,-0.5975,-0.775,-0.435,-1.0475,-0.8825,-0.7075,0.23,-1.1725,-0.3475,-0.5,-0.2925,0.02,-0.1275,-0.7025,-0.6875,-0.77,-1.1575,-1.015,-0.7375,-0.0475,-1.095,0.453799819815256,-0.37
20140125,4,12.9,11.625,10.0,12.95,12.025,9.85,12.7,12.1,11.45,11.025,10.15,12.4,10.325,10.025,11.675,12.9,11.875,11.1,12.8,12.6,12.2,11.875,10.8,12.625,10.975,10.5,12.625,10.575,9.775,12.75,9.24218116249013,9.7,13.0,10.0651165142399,8.55,12.825,12.4,9.72198269453651,9.775,8.025,12.3,9.1,8.85,10.175,12.9,10.1738374626637,9.675,0.0775,-0.07,-0.13,0.2325,-0.38,-0.09,-0.3025,-0.525,-0.575,-0.2925,0.0225,-0.885,-0.3675,-0.16,-0.785,-0.4025,0.11,0.1975,-0.0932989332129199,-0.24,-0.3425,-0.3525,-0.065,-0.945,-0.775,-0.1875,0.0525,-0.8325,-0.4525,-0.3825,0.1625,0.21,-0.285,-0.26,-0.405,-0.68,-0.435,-0.8825,-0.86,-0.7525,0.24,-1.12,-0.395,-0.4875,-0.2175,0.035,-0.1375,-0.6225,-0.68,-0.82,-1.0825,-1.0025,-0.8225,-0.0173769543765597,-1.065,0.417482497161847,-0.37
20140128,5,12.7,11.6,8.85,12.775,11.5,8.14407000485186,12.5,12.025,10.3,9.85,7.68945862733539,12.25,9.325,9.3,11.375,12.7,11.1,10.75,12.65,12.5,12.0,11.75,9.55,12.5,9.775,9.275,12.45,8.99798638066328,7.8,12.55,8.67604953309712,7.8,12.8,9.5704200854607,6.5,12.65,12.225,9.25222213223878,7.44255480559302,5.725,12.15,8.125,6.875,9.7,12.7,9.68696031620893,7.9,0.14,-0.06,-0.13,0.232561163787492,-0.3925,-0.1,-0.2525,-0.48,-0.5675,-0.245878501883873,0.02,-0.8575,-0.37,-0.15,-0.765,-0.41,0.1525,0.21,-0.0964853414198314,-0.0075,-0.13,-0.305,-0.1125,-0.805,-0.745,-0.23,0.0825,-0.81,-0.485,-0.3825,0.175,0.21,-0.295,-0.2525,-0.28,-0.6675,-0.565,-0.710086144433322,-0.9225,-0.9325,0.25,-1.0825,-0.49,-0.485,-0.16,0.0532530497549917,-0.156336133263682,-0.5625,-0.67,-0.8975,-1.0325,-1.0,-0.925,-0.0131184672683784,-1.0525,0.447914778964714,-0.3625
20140131,5,12.5,11.325,8.3,12.525,11.1,8.825,12.3,11.725,10.375,9.35,8.55,12.0,9.45,8.05,10.975,12.5,11.0,9.725,12.475,12.375,11.65,11.05,9.525,12.3,10.225,8.875,12.225,9.95,7.9,12.325,9.95,7.5,12.6,10.75,8.1,12.4,12.0,10.35,8.75,7.825,11.9,8.675,6.6,9.1,12.5,10.7,7.6,0.105,-0.0575,-0.12,0.235,-0.4025,-0.090143204305378,-0.2675,-0.4775,-0.5625,-0.265,0.0375,-0.86,-0.3675,-0.14,-0.77,-0.41,0.145,0.21,-0.08,-0.1075,-0.22,-0.335,-0.1175,-0.865,-0.785,-0.24,0.09,-0.835,-0.4825,-0.38,0.145,0.21,-0.29,-0.26,-0.4275,-0.7175,-0.45913180114999,-0.895,-0.869662193843589,-0.829551115362959,0.24,-1.1275,-0.455,-0.49,-0.195,0.04,-0.147553582244107,-0.595,-0.67,-0.840656448785934,-1.07,-1.015,-0.844105301027919,-0.0125,-1.0725,0.454936292763873,-0.36
20140203,6,12.475,11.4,9.825,12.5,11.525,10.35,12.3,11.6,10.975,10.45,10.075,11.9,10.025,9.425,10.8,12.5,11.325,10.525,12.4,12.2,11.5,10.875,10.125,12.2,10.8,10.05,12.2,10.55,9.6,12.3,10.375,9.375,12.5,11.125,9.85,12.4,11.8,10.625,9.925,9.3,11.8,9.575,8.85,9.3,12.475,10.9,9.425,0.035,-0.065,-0.12,0.2275,-0.4175,-0.0848800557844547,-0.315,-0.5075,-0.57,-0.3025,0.0325,-0.86,-0.35,-0.15,-0.7775,-0.4,0.1125,0.2075,-0.07,-0.2275,-0.32,-0.3375,-0.0875,-0.92,-0.765,-0.195,0.0825,-0.8075,-0.4525,-0.37,0.16,0.21,-0.2825,-0.2725,-0.5275,-0.7225,-0.423816377689739,-0.94,-0.862041664871345,-0.7025,0.24,-1.1175,-0.3575,-0.4825,-0.26,0.0325,-0.13,-0.665,-0.6825,-0.8175,-1.105,-1.0125,-0.78,-0.0275,-1.0575,0.412019832734967,-0.3625
20140206,6,12.4,11.575,10.35,12.475,11.325,10.425,12.25,11.6,10.85,10.6,10.625,11.9,10.15,9.95,10.9,12.4,11.075,10.625,12.4,12.075,11.5,11.0,10.35,12.2,10.55,10.2,12.175,10.475,9.9,12.25,10.475,9.9,12.475,11.325,9.9,12.3,11.7,10.85,10.425,9.25,11.7,9.825,9.475,9.6,12.4,11.125,10.025,0.0175,-0.065,-0.1175,0.225,-0.4475,-0.0847818487742788,-0.33,-0.5175,-0.57,-0.3025,0.0325,-0.8625,-0.335,-0.15,-0.7825,-0.4,0.1025,0.205,-0.0725,-0.24,-0.3225,-0.335,-0.0725,-0.9075,-0.7475,-0.1675,0.08,-0.7825,-0.4375,-0.3575,0.19,0.21,-0.2875,-0.275,-0.5,-0.67,-0.345,-0.9,-0.844088556157711,-0.61,0.24,-1.0725,-0.3,-0.48,-0.275,0.0375,-0.13,-0.6775,-0.68,-0.785,-1.105,-1.005,-0.7425,-0.03,-1.0325,0.418294250962189,-0.36
20140209,7,12.4,11.675,10.775,12.4,11.575,11.425,12.2,11.6,11.375,11.25,11.85,11.8,10.875,10.65,11.0,12.4,11.525,11.675,12.3,12.0,11.5,11.125,11.75,12.2,11.175,11.05,12.1,11.075,10.475,12.2,11.075,10.125,12.4,11.625,10.35,12.3,11.7,11.225,10.7,10.225,11.7,10.4,9.75,9.75,12.4,11.45,10.2,-0.0225,-0.07,-0.11,0.22,-0.48,-0.0813426660418318,-0.355,-0.5475,-0.5675,-0.325,0.0325,-0.87,-0.33,-0.15,-0.7925,-0.3975,0.0725,0.2,-0.0775,-0.3475,-0.4275,-0.3425,-0.045,-0.965,-0.735,-0.1225,0.0675,-0.7725,-0.4125,-0.35,0.205,0.21,-0.2925,-0.2975,-0.565,-0.6675,-0.31,-0.9375,-0.735,-0.55,0.24,-1.08,-0.2425,-0.4725,-0.295,0.0325,-0.13,-0.71,-0.6825,-0.7625,-1.125,-0.9925,-0.7,-0.03,-1.025,0.418424819217875,-0.3625
20140212,7,12.375,11.7,10.775,12.4,11.575,10.7,12.2,11.6,11.225,11.125,11.15,11.9,10.725,10.775,11.2,12.4,11.45,11.125,12.3,11.9,11.5,11.3,10.925,12.2,11.0,10.65,12.1,10.85,10.325,12.2,10.8,10.175,12.4,11.475,10.125,12.3,11.7,11.125,10.65,9.7,11.8,10.175,9.925,10.0,12.325,11.4,10.35,-0.0125,-0.07,-0.115,0.23,-0.5,-0.075,-0.3475,-0.5275,-0.5725,-0.31,0.03,-0.85,-0.31,-0.15,-0.7825,-0.39,0.0825,0.2075,-0.075,-0.285,-0.3475,-0.325,-0.0575,-0.8925,-0.685,-0.1025,0.0775,-0.7275,-0.4025,-0.34,0.245,0.21,-0.2975,-0.295,-0.505,-0.615,-0.255,-0.8625,-0.6625,-0.4975,0.25,-1.0275,-0.205,-0.4625,-0.2925,0.035,-0.13,-0.6925,-0.675,-0.745,-1.1,-0.9725,-0.69,-0.02,-0.9925,0.422493213711835,-0.36
20140215,7,12.4,11.925,11.475,12.4,12.025,13.725,12.3,11.625,11.7,12.0,14.15,11.9,11.1,11.675,11.3,12.4,11.75,13.675,12.3,11.9,11.6,11.575,14.675,12.2,11.2,12.725,12.175,11.025,11.325,12.2,11.1,10.375,12.4,11.75,10.05,12.3,11.7,11.425,10.925,10.125,11.9,10.575,10.0,10.025,12.4,11.7,10.425,-0.0825,-0.0725,-0.115,0.2275,-0.545,-0.07,-0.4025,-0.6025,-0.5975,-0.3575,0.0275,-0.8875,-0.31,-0.16,-0.8125,-0.3875,0.0,0.195,-0.08,-0.5575,-0.6,-0.3675,0.035,-1.045,-0.705,-0.04,0.0275,-0.77,-0.3575,-0.3425,0.235,0.201563719522778,-0.31,-0.3275,-0.56,-0.6175,-0.2275,-0.885,-0.645,-0.455,0.25,-1.025,-0.1625,-0.4625,-0.305,0.0375,-0.149971196209812,-0.725,-0.6825,-0.73,-1.1075,-0.9625,-0.655,-0.02,-0.975,0.417034730300609,-0.36
20140218,8,12.55,12.55,13.0,12.6,12.975,13.975,12.475,11.825,12.85,13.625,14.1,12.1,12.325,13.45,11.75,12.5,12.825,14.35,12.5,12.0,12.0,12.55,14.25,12.4,12.475,13.6,12.325,12.05,12.675,12.4,11.95,11.8,12.6,12.3,12.15,12.5,11.8,12.0,12.05,12.0,12.075,11.575,11.775,10.425,12.55,12.3,12.0,-0.14,-0.08,-0.12,0.2225,-0.565,-0.074842426229013,-0.4175,-0.6025,-0.585,-0.355,0.02,-0.87,-0.2875,-0.1675,-0.8125,-0.375,-0.0275,0.2,-0.0825,-0.6375,-0.6725,-0.3675,0.0325,-1.065,-0.6525,0.005,0.0325,-0.7375,-0.3,-0.3325,0.2825,0.21,-0.32,-0.35,-0.6925,-0.6475,-0.14,-0.9425,-0.585,-0.32,0.25,-1.015,-0.0525,-0.455,-0.37,0.03,-0.151433108116937,-0.8025,-0.695,-0.6725,-1.135,-0.95,-0.565,-0.03,-0.955,0.397838759646106,-0.36
20140221,8,12.7,12.6,12.3,12.7,12.83333333,12.0,12.6,12.2,12.66666667,13.03333333,12.5,12.3,12.16666667,12.93333333,12.2,12.7,12.83333333,13.33333333,12.6,12.2,12.53333333,13.2,12.9,12.5,12.3,12.93333333,12.5,12.03333333,12.33333333,12.5,11.96666667,11.93333333,12.7,12.33333333,11.03333333,12.6,11.93333333,12.06666667,12.1,10.83333333,12.3,11.4,11.66666667,10.9,12.7,12.33333333,11.9,-0.0867,-0.08,-0.1133,0.2467,-0.57,-0.0778296920068824,-0.3733,-0.5633,-0.57,-0.3067,0.0167,-0.8367,-0.27,-0.17,-0.7933,-0.37,0.0067,0.2133,-0.0867,-0.5633,-0.58,-0.3833,0.0267,-0.97,-0.57,0.0433,0.0433,-0.7033,-0.2867,-0.3267,0.3567,0.21,-0.3267,-0.3667,-0.5667,-0.5233,-0.0333,-0.8133,-0.46,-0.2367,0.26,-0.95,-0.01,-0.45,-0.3433,0.0333,-0.152597547198472,-0.7467,-0.68,-0.6567,-1.08,-0.9133,-0.5633,-0.01,-0.89,0.4433,-0.3633
20140224,9,12.7,12.45,11.6,12.775,12.5,13.65,12.7,12.3,11.8,12.025,14.275,12.5,11.2,11.975,12.225,12.7,12.5,14.2,12.7,12.4,12.7,13.2,15.075,12.6,11.7,12.9,12.5,11.525,11.375,12.6,11.475,10.725,12.8,11.9,8.85,12.675,12.075,11.8,11.2,8.575,12.4,10.8,10.025,10.8,12.7,12.05,10.625,-0.0575,-0.0725,-0.12,0.265,-0.6125,-0.0675,-0.38,-0.5825,-0.5925,-0.3075,0.0175,-0.8475,-0.2725,-0.17,-0.7975,-0.375,-0.0075,0.2075,-0.09,-0.485,-0.495,-0.3575,0.075,-0.885,-0.5225,0.055,0.0275,-0.6675,-0.295,-0.3175,0.3775,0.201984903530338,-0.33,-0.3525,-0.3375,-0.3925,-0.0175,-0.615,-0.4,-0.26,0.265,-0.8425,-0.0475,-0.425,-0.28,0.0475,-0.13,-0.6725,-0.6625,-0.6925,-1.005,-0.895,-0.635,0.0175,-0.8425,0.4375,-0.36
20140227,9,12.7,12.375,11.05,12.8,12.35,11.4,12.7,12.3,11.55,11.875,11.075,12.5,11.025,11.975,12.2,12.775,12.225,13.575,12.7,12.5,12.675,13.375,12.85,12.6,11.1,12.45,12.6,10.95,10.775,12.6,11.275,10.1,12.8,11.875,8.95,12.7,12.1,11.7,10.7,8.4,12.4,10.3,9.3,10.575,12.7,11.9,10.025,-0.005,-0.07,-0.12,0.2675,-0.595,-0.07,-0.33,-0.5125,-0.5725,-0.2625,0.015,-0.7875,-0.26,-0.1675,-0.77,-0.37,0.0525,0.2225,-0.09,-0.2175,-0.2425,-0.295,0.005,-0.6875,-0.435,0.0775,0.06,-0.5875,-0.295,-0.3025,0.45,0.21,-0.3275,-0.3425,-0.2825,-0.37,-0.0425,-0.5475,-0.405,-0.2875,0.27,-0.81,-0.0725,-0.42,-0.2625,0.0525,-0.154423938244709,-0.645,-0.66,-0.725,-0.98,-0.9025,-0.6675,0.02,-0.8325,0.435,-0.35
20140302,10,12.7,12.175,10.325,12.7,11.85,10.15,12.7,12.2,11.15,10.825,10.675,12.5,10.6,10.45,12.1,12.7,11.775,11.325,12.7,12.6,12.575,12.825,11.3,12.6,10.875,10.4,12.5,10.65,9.625,12.55,10.9,9.6,12.7,11.65,8.95,12.6,12.1,11.4,10.375,8.5,12.4,9.875,8.725,10.3,12.7,11.7,9.625,0.0075,-0.0725,-0.12,0.2675,-0.5875,-0.07,-0.3125,-0.4825,-0.56,-0.25,0.0225,-0.7675,-0.2525,-0.16,-0.7575,-0.37,0.075,0.225,-0.09,-0.16,-0.1825,-0.345,0.0,-0.6425,-0.43,0.05,0.08,-0.575,-0.3075,-0.29,0.445,0.21,-0.325,-0.3325,-0.2775,-0.375,-0.065,-0.5225,-0.4075,-0.3025,0.2675,-0.8,-0.08,-0.4125,-0.2575,0.05,-0.13,-0.6375,-0.6625,-0.745,-0.9725,-0.91,-0.685,0.02,-0.82,0.435,-0.35
20140305,10,12.6,11.725,10.35,12.7,11.9,11.325,12.6,12.1,11.775,11.575,10.9,12.4,10.625,10.475,11.875,12.65,11.675,12.275,12.675,12.525,12.35,12.4,12.325,12.5,10.8,11.475,12.425,10.525,10.25,12.5,10.45,9.625,12.675,10.95,9.175,12.575,12.1,10.85,9.85,9.05,12.3,9.925,8.85,10.1,12.6,11.15,9.65,-0.005,-0.0725,-0.12,0.26,-0.5875,-0.07,-0.3325,-0.495,-0.5625,-0.255,0.0225,-0.7575,-0.25,-0.16,-0.7575,-0.37,0.065,0.22,-0.09,-0.185,-0.2125,-0.3175,-0.015,-0.6475,-0.405,0.0675,0.0675,-0.54,-0.31,-0.2825,0.42,0.21,-0.3225,-0.335,-0.32,-0.405,-0.07,-0.5475,-0.415,-0.29,0.2675,-0.8025,-0.0725,-0.4075,-0.2625,0.05,-0.13,-0.655,-0.6725,-0.75,-0.9825,-0.915,-0.675,0.015,-0.825,0.4375,-0.35
20140308,10,12.675,12.0,11.825,12.7,12.375,14.95,12.6,12.175,12.55,12.75,15.975,12.325,11.425,11.625,11.8,12.7,12.175,13.85,12.7,12.5,12.3,12.325,15.5,12.5,12.025,13.125,12.475,11.925,11.85,12.5,11.875,11.025,12.7,11.975,11.125,12.6,12.0,11.775,11.375,11.125,12.275,12.1,11.025,10.475,12.675,11.825,10.95,-0.1475,-0.0825,-0.1225,0.2375,-0.635,-0.07,-0.4425,-0.605,-0.605,-0.355,0.03,-0.8275,-0.255,-0.17,-0.8025,-0.37,-0.045,0.195,-0.095,-0.65,-0.6475,-0.405,0.09,-0.9425,-0.525,0.075,0.0175,-0.63,-0.2775,-0.295,0.34,0.207033477593735,-0.3275,-0.3625,-0.5675,-0.5225,-0.07,-0.735,-0.435,-0.2325,0.2525,-0.86,0.0,-0.4125,-0.355,0.0275,-0.13,-0.77,-0.6975,-0.7025,-1.065,-0.9325,-0.59,-0.015,-0.8275,0.45,-0.35
20140311,11,12.775,12.15,12.6,12.8,12.775,14.2,12.7,12.3,13.025,13.875,14.4,12.4,12.025,13.375,12.075,12.8,12.5,15.025,12.8,12.5,12.5,13.15,14.825,12.6,12.05,13.95,12.5,11.775,12.4,12.6,11.6,11.65,12.775,11.725,11.25,12.7,12.05,11.7,11.5,11.175,12.35,11.7,11.625,10.9,12.7,11.85,11.7,-0.14,-0.09,-0.121947959210017,0.235,-0.655,-0.07,-0.43,-0.5875,-0.595,-0.35,0.0125,-0.805,-0.2425,-0.18,-0.7975,-0.36,-0.0325,0.2025,-0.1,-0.51,-0.515,-0.3325,0.0375,-0.8275,-0.4225,0.1275,0.0175,-0.5525,-0.2525,-0.28,0.405,0.206646849940013,-0.3275,-0.365,-0.5375,-0.5025,-0.0275,-0.695,-0.3925,-0.1875,0.2525,-0.835,0.0275,-0.4025,-0.3625,0.02,-0.13,-0.7725,-0.7025,-0.6825,-1.07,-0.9275,-0.5825,-0.02,-0.8225,0.45,-0.35
20140314,11,12.875,12.85,13.175,12.9,13.525,16.675,12.875,12.5,13.0,13.875,17.2,12.525,12.125,13.625,12.4,12.875,13.05,16.1,12.875,12.6,12.8,13.6,17.525,12.7,12.225,15.0,12.675,12.025,13.225,12.7,12.275,11.875,12.875,12.775,10.7,12.775,12.1,12.375,12.05,10.75,12.525,12.175,11.55,11.1,12.85,12.7,11.775,-0.2,-0.085,-0.1375,0.235,-0.6975,-0.07,-0.4775,-0.6525,-0.6275,-0.3925,0.0175,-0.8475,-0.2475,-0.1825,-0.8275,-0.36,-0.1325,0.19,-0.105,-0.875,-0.855,-0.4325,0.1375,-1.055,-0.5425,0.115,-0.02,-0.6575,-0.2125,-0.2975,0.335,0.202535591925538,-0.3425,-0.4,-0.61,-0.5325,-0.0275,-0.75,-0.43,-0.1925,0.25,-0.855,0.045,-0.405,-0.3825,0.02,-0.157974374416807,-0.785,-0.6975,-0.675,-1.0675,-0.9225,-0.5825,-0.02,-0.7975,0.4525,-0.35
20140317,12,13.025,13.425,13.95,13.1,14.2,17.125,13.1,12.675,13.6,14.675,17.95,12.75,12.875,14.55,12.725,13.075,13.625,17.025,13.075,12.75,13.175,14.425,18.0,12.9,12.775,16.3,12.875,12.375,14.475,12.925,12.55,12.6,13.075,13.025,12.25,12.975,12.3,12.775,12.475,12.425,12.775,12.225,11.875,11.2,13.025,13.2,12.475,-0.2525,-0.0925,-0.123889966302849,0.225,-0.7175,-0.07,-0.49,-0.6525,-0.62,-0.4025,0.0125,-0.835,-0.2375,-0.18,-0.8275,-0.35,-0.1575,0.1875,-0.11,-0.885,-0.8525,-0.395,0.105,-1.02,-0.49,0.16,-0.025,-0.6075,-0.155,-0.285,0.375,0.203282643036789,-0.3525,-0.42,-0.695,-0.5725,-0.0025,-0.795,-0.43,-0.16,0.2525,-0.855,0.0925,-0.4,-0.42,0.0175,-0.13,-0.8375,-0.7125,-0.6575,-1.09,-0.92,-0.535,-0.02,-0.785,0.455,-0.35
20140320,12,13.325,14.15,16.1,13.4,15.025,19.2,13.425,12.925,14.525,16.075,19.625,13.05,13.725,16.175,13.2,13.375,14.225,17.85,13.35,13.0,13.7,15.2,18.875,13.2,13.425,16.375,13.175,13.0,14.75,13.225,13.175,13.475,13.35,13.775,13.425,13.275,12.5,13.325,13.525,13.25,13.075,12.9,13.2,11.575,13.35,13.875,14.175,-0.3275,-0.1,-0.130788469948564,0.2225,-0.7525,-0.0595152353910014,-0.5325,-0.6675,-0.63,-0.4325,0.005,-0.83,-0.215,-0.19,-0.8375,-0.34,-0.2025,0.19,-0.105,-0.935,-0.8825,-0.4,0.135,-1.0025,-0.43,0.1975,-0.025,-0.55,-0.085,-0.26,0.41,0.21,-0.35,-0.4225,-0.715,-0.56,0.06,-0.77,-0.365,-0.07,0.26,-0.79,0.175,-0.3875,-0.465,0.02,-0.156651008046242,-0.8975,-0.7275,-0.595,-1.095,-0.905,-0.46,-0.015,-0.745,0.465,-0.35
20140323,13,13.5541982805992,14.475,16.25,13.6183573894171,14.975,16.675,13.775,13.35,14.725,16.125,15.925,13.4,14.25,16.75,13.8,13.6298425757081,14.6,17.875,13.65,13.325,14.3,16.05,17.5,13.5,14.075,17.0,13.475,13.675,15.75,13.5,13.675,14.475,13.5698733157769,13.8616738456596,14.25,13.5595515929393,12.8,13.775,14.125,13.725,13.4,13.375,14.025,12.075,13.5379553178552,13.9536791858764,14.825,-0.245,-0.1,-0.135,0.235,-0.74,-0.057869679460039,-0.46,-0.595,-0.59,-0.365,-0.0025,-0.733166880346082,-0.1775,-0.1925,-0.8,-0.325,-0.12,0.2075,-0.11,-0.595,-0.55,-0.2925,0.045,-0.74,-0.2425,0.285,-0.005,-0.3875,-0.0325,-0.225,0.535,0.202357930116451,-0.35,-0.425,-0.64,-0.4725,0.1675,-0.685,-0.2525,0.035,0.26,-0.725,0.24,-0.375,-0.46,0.02,-0.14844132261459,-0.87,-0.71,-0.5625,-1.0725,-0.8675,-0.425,-0.015,-0.7025,0.48,-0.35
20140326,13,13.5761021039574,13.7,13.0,13.7009009627843,13.725,12.8,13.775,13.525,13.175,13.175,12.65,13.5,12.325,12.85,13.875,13.6438240648228,13.65,13.775,13.7,13.625,14.35,15.35,13.85,13.5,12.875,12.925,13.475,12.675,12.325,13.5,12.65,12.225,13.5897194923081,13.075,11.525,13.585976186204,13.025,12.95,12.525,11.3,13.5,11.3,11.075,11.875,13.5573566779999,13.325,12.375,-0.0825,-0.09,-0.127949595439744,0.2775,-0.7,-0.0675,-0.3475,-0.47,-0.5625,-0.25,0.0025,-0.670531136490255,-0.1575,-0.18,-0.7375,-0.33,0.02,0.23,-0.1,-0.13,-0.0875,-0.295,0.0075,-0.862502235183489,-0.085,0.275,0.05,-0.275,-0.0775,-0.195,0.6375,0.21,-0.34,-0.3725,-0.3075,-0.2575,0.195,-0.3575,-0.135,0.0175,0.27744986088113,-0.59,0.1875,-0.3475,-0.34,0.04,-0.13,-0.7075,-0.665,-0.6275,-0.9425,-0.8375,-0.54,-0.0057423758609733,-0.65,0.47,-0.3425
20140329,13,13.2844969095075,13.475,13.375,13.4165130612108,13.7,15.625,13.8,13.5,13.7,13.725,16.4,13.6,12.625,12.825,13.6,13.4178860817143,13.45,14.275,13.8,13.775,14.1,14.375,15.75,13.6,12.925,13.55,13.5,12.775,12.8,13.575,13.025,12.325,13.4081088143009,13.325,12.35,13.3285271444155,12.4710991726059,12.975,12.725,12.425,13.5,12.85,12.025,11.85,13.3503953690091,13.25,12.65,-0.185,-0.095,-0.131634633869473,0.25,-0.715,-0.07,-0.4325,-0.5475,-0.59,-0.33,0.0125,-0.661251382750117,-0.165,-0.1825,-0.77,-0.33,-0.065,0.2075,-0.1,-0.54,-0.475,-0.4125,0.0775,-0.64,-0.245,0.24,0.0125,-0.3625,-0.075,-0.2,0.51,0.206189040485279,-0.3375,-0.385,-0.5125,-0.39,0.1225,-0.505,-0.1925,0.0175,0.265,-0.6325,0.2175,-0.3525,-0.3975,0.0275,-0.15953243055462,-0.7875,-0.6925,-0.635,-1.0,-0.8625,-0.505,0.0075,-0.6525,0.47,-0.3425
20140401,14,13.95,14.475,15.875,14.075,15.125,19.0,14.075,13.625,14.55,15.65,18.65,13.725,13.75,15.375,13.65,14.0,14.25,17.725,14.0,13.8,14.1,14.85,18.925,13.8,13.5,17.1,13.75,13.35,15.875,13.8,13.7,14.2,13.975,14.3,13.5,13.875,13.2,14.0,13.975,13.575,13.7,13.475,13.475,12.275,13.95,14.425,14.275,-0.2975,-0.1025,-0.145,0.225,-0.73,-0.06,-0.5025,-0.615,-0.615,-0.395,0.005,-0.754462172026839,-0.1575,-0.19,-0.7975,-0.32,-0.1775,0.195,-0.107653854498139,-0.845,-0.765,-0.4,0.095,-0.8225,-0.32,0.186982624823546,-0.0325,-0.3725,-0.03,-0.1975,0.45,0.2,-0.35,-0.415,-0.6825,-0.49,0.151867133483638,-0.6325,-0.247019190524826,0.05,0.26,-0.761138695160012,0.2725,-0.3525,-0.4725,0.0125,-0.135,-0.865,-0.7125,-0.5875,-1.0425,-0.828597370840561,-0.44,-0.01,-0.706552183883596,0.48,-0.345
20140404,14,14.15,14.725,16.375,14.25,15.375,17.775,14.25,13.85,15.225,16.375,17.275,13.9,14.35,16.025,14.05,14.175,14.8,17.325,14.2,13.975,14.45,15.575,17.675,14.0,14.3,16.825,13.95,14.075,16.05,14.0,14.15,15.0,14.175,14.5,15.4,14.075,13.425,14.1,14.425,15.125,13.9,13.95,14.3,12.65,14.15,14.5,15.25,-0.28,-0.1075,-0.1475,0.2275,-0.73,-0.06,-0.475,-0.5775,-0.595,-0.3675,0.0,-0.6475,-0.1325,-0.19,-0.7775,-0.315,-0.13,0.2025,-0.1,-0.61,-0.5375,-0.3225,0.0425,-0.6475,-0.1875,0.3025,-0.0125,-0.27,0.0075,-0.165,0.5425,0.2025,-0.345,-0.395,-0.6725,-0.4725,0.215,-0.595,-0.1725,0.11,0.26,-0.6225,0.3275,-0.3425,-0.49,0.01,-0.13,-0.8925,-0.7225,-0.565,-1.05,-0.819727197043446,-0.415,-0.015,-0.653180509360209,0.485,-0.345
20140407,15,14.375,15.075,16.25,14.475,15.6,18.575,14.425,14.15,15.4,16.25,19.375,14.125,14.8,15.95,14.375,14.375,15.175,17.275,14.4,14.175,14.8,15.75,18.55,14.2,14.875,16.45,14.15,14.775,15.7,14.225,15.05,15.175,14.375,15.35,15.45,14.275,13.65,14.875,15.3,15.525,14.125,15.225,15.05,13.225,14.375,15.125,15.4,-0.3275,-0.105,-0.1425,0.23,-0.7425,-0.055,-0.505,-0.6075,-0.605,-0.3825,0.005,-0.6675,-0.1225,-0.1925,-0.795,-0.3075,-0.1725,0.1975,-0.1,-0.8525,-0.76,-0.42,0.1175,-0.795,-0.2625,0.2725,-0.0275,-0.315,0.04,-0.16,0.4875,0.2,-0.34,-0.425,-0.7475,-0.475,0.2025,-0.63,-0.135,0.1575,0.26,-0.62,0.395,-0.3375,-0.515,0.0075,-0.13,-0.9275,-0.7225,-0.55,-1.0525,-0.84,-0.365,-0.0125,-0.6,0.4975,-0.3425
20140410,15,14.7,15.675,17.675,14.8,16.3,20.525,14.8,14.475,15.925,17.275,20.675,14.5,15.3,17.325,14.825,14.7,15.65,19.15,14.725,14.425,15.225,16.475,20.075,14.55,15.2,18.625,14.5,15.025,17.675,14.6,15.3,16.5,14.725,15.7,15.775,14.625,13.975,15.375,15.975,15.425,14.5,15.275,15.925,13.825,14.7,15.65,16.55,-0.37,-0.115,-0.1525,0.225,-0.755,-0.05,-0.535,-0.625,-0.6175,-0.41,-0.0075,-0.6525,-0.105,-0.205,-0.7975,-0.3,-0.2275,0.19,-0.1,-0.9425,-0.8325,-0.39,0.1225,-0.8075,-0.2375,0.3075,-0.05,-0.265,0.0975,-0.14,0.4825,0.2,-0.355,-0.43,-0.7425,-0.4475,0.2875,-0.5925,-0.085,0.2375,0.26,-0.5675,0.455,-0.3225,-0.545,0.005,-0.13,-0.95,-0.7325,-0.515,-1.0425,-0.83,-0.33,-0.0075,-0.555,0.505,-0.3425
20140413,16,15.0,16.2,18.45,15.125,16.9,20.775,15.15,14.825,16.5,18.05,20.4,14.825,15.925,18.3,15.3,15.0,16.175,19.95,15.025,14.75,15.675,17.225,20.95,14.85,15.65,19.55,14.825,15.35,18.45,14.9,15.55,16.825,15.025,15.9,16.325,14.925,14.325,15.7,16.05,16.325,14.85,15.375,15.875,14.1,15.0,16.05,16.975,-0.375,-0.1175,-0.1525,0.2325,-0.745,-0.05,-0.5275,-0.6175,-0.61,-0.4,-0.01,-0.6225,-0.085,-0.21,-0.7925,-0.29,-0.245,0.1925,-0.1,-0.985,-0.865,-0.385,0.1075,-0.8,-0.2125,0.3325,-0.0575,-0.22,0.155,-0.1175,0.4925,0.2,-0.35,-0.4475,-0.8075,-0.4875,0.2825,-0.6075,-0.085,0.2575,0.26,-0.56,0.4975,-0.3125,-0.5525,0.01,-0.13,-0.95,-0.7275,-0.5025,-1.025,-0.81,-0.305,-0.0025,-0.5075,0.5075,-0.34
20140416,16,15.3,15.9,17.6,15.4,16.325,18.7,15.4,15.15,16.2,17.4,18.825,15.15,15.55,17.65,15.7,15.3,15.85,19.0,15.3,15.075,16.075,17.6,19.325,15.1,15.2,18.875,15.1,14.925,18.025,15.1,14.725,16.725,15.3,15.275,15.1,15.2,14.625,15.05,15.275,14.35,15.175,14.45,15.4,14.275,15.3,15.5,16.475,-0.2825,-0.1225,-0.17,0.2475,-0.73,-0.0575,-0.48,-0.56,-0.5925,-0.345,-0.0175,-0.5525,-0.0625,-0.21,-0.7625,-0.29,-0.17,0.205,-0.112305958175539,-0.6725,-0.56,-0.3175,0.0775,-0.5375,-0.045,0.3775,-0.04,-0.0925,0.1475,-0.0875,0.5825,0.2,-0.345,-0.4225,-0.5475,-0.3525,0.38,-0.3675,0.05,0.31,0.27,-0.42,0.5075,-0.28,-0.5,0.0175,-0.1375,-0.85,-0.7075,-0.51,-0.935,-0.785,-0.345,0.0175,-0.43,0.5075,-0.33
20140419,16,15.35,15.825,16.625,15.425,15.95,17.375,15.475,15.3,15.45,16.225,16.375,15.3,14.975,16.475,15.7,15.325,15.55,18.025,15.4,15.375,16.1,17.375,18.175,15.2,14.8,17.95,15.175,14.65,16.875,15.2,14.825,15.575,15.4,15.15,14.0,15.3,14.8,15.05,14.65,13.45,15.3,14.175,13.75,14.025,15.375,15.45,15.275,-0.2,-0.11,-0.155,0.2575,-0.71,-0.0625,-0.4175,-0.505,-0.5725,-0.295,-0.0125,-0.4975,-0.055,-0.205,-0.7325,-0.29,-0.1025,0.2075,-0.111387011397709,-0.4075,-0.3025,-0.275,0.03,-0.355,0.0275,0.3975,-0.015,-0.0275,0.14,-0.075,0.65,0.2,-0.345,-0.4025,-0.3975,-0.2125,0.3875,-0.2325,0.09,0.2975,0.27,-0.3525,0.475,-0.2675,-0.44,0.02,-0.152497304948519,-0.7725,-0.6825,-0.545,-0.885,-0.7625,-0.3925,0.0275,-0.405,0.5025,-0.33
20140422,17,15.525,16.05,16.425,15.625,16.325,18.275,15.625,15.4,16.075,16.55,18.7,15.425,15.3,15.9,15.7,15.525,15.9,17.45,15.6,15.5,16.1,16.9,18.425,15.4,15.3,17.375,15.325,15.025,16.725,15.4,15.225,15.675,15.55,15.575,16.275,15.475,14.9,15.275,15.05,16.2,15.4,14.6,14.35,13.95,15.55,15.75,15.475,-0.27,-0.1125,-0.155,0.245,-0.685,-0.06,-0.4525,-0.5175,-0.5825,-0.315,-0.005,-0.49,-0.0425,-0.2,-0.735,-0.2875,-0.1275,0.2075,-0.1,-0.5575,-0.4325,-0.34,0.05,-0.4175,-0.005,0.385,-0.02,-0.025,0.1625,-0.0575,0.6175,0.2,-0.33,-0.395,-0.6075,-0.36,0.3,-0.3475,0.0125,0.2725,0.26,-0.3825,0.5025,-0.27,-0.49,0.015,-0.135,-0.8625,-0.705,-0.5625,-0.925,-0.7925,-0.365,0.015,-0.4075,0.5075,-0.33
20140425,17,15.875,16.875,18.95,15.975,17.525,21.825,15.975,15.55,17.2,18.475,21.375,15.7,16.275,18.1,15.875,15.875,16.65,19.775,15.9,15.65,16.225,17.2,20.95,15.7,16.2,19.325,15.675,16.05,18.45,15.75,16.35,17.45,15.875,16.975,18.2,15.775,15.125,16.425,16.925,17.45,15.675,16.275,16.825,14.55,15.875,16.85,17.8,-0.395,-0.1225,-0.1625,0.2225,-0.7,-0.0525,-0.53,-0.58,-0.605,-0.3775,-0.0125,-0.5175,-0.0275,-0.21,-0.76,-0.27,-0.235,0.1925,-0.1,-0.87,-0.715,-0.3775,0.1025,-0.5975,-0.08,0.365,-0.06,-0.0275,0.225,-0.03,0.535,0.195,-0.33,-0.3975,-0.75,-0.42,0.345,-0.4325,0.0275,0.3275,0.2575,-0.355,0.5875,-0.25,-0.5725,0.0,-0.13,-0.96,-0.7375,-0.5075,-0.975,-0.8025,-0.295,-0.005,-0.3925,0.5225,-0.3275
20140428,18,16.2,17.0,18.25,16.3,17.275,18.025,16.25,15.925,16.875,17.975,17.2,16.0,16.275,18.275,16.35,16.15,16.925,19.275,16.175,15.9,16.65,17.975,18.625,16.0,16.65,19.025,16.0,16.4,18.425,16.0,16.5,17.775,16.2,16.825,17.3,16.1,15.45,16.5,17.1,16.275,15.975,15.85,16.975,15.0,16.2,16.75,17.725,-0.2475,-0.1125,-0.1525,0.255,-0.66,-0.05,-0.4275,-0.495,-0.565,-0.28,-0.02,-0.4125,0.0075,-0.21,-0.7125,-0.27,-0.1175,0.2125,-0.1,-0.4125,-0.2875,-0.26,0.0325,-0.28,0.1075,0.44,-0.03,0.125,0.255,0.0125,0.68,0.2,-0.3225,-0.3775,-0.5125,-0.2425,0.445,-0.2425,0.155,0.3875,0.26,-0.2475,0.6075,-0.2225,-0.51,0.01,-0.1275,-0.845,-0.695,-0.4775,-0.8825,-0.75,-0.2975,0.015,-0.32,0.5225,-0.32
20140501,18,16.3,16.775,17.15,16.4,16.875,17.5,16.375,16.125,16.525,16.925,17.525,16.125,15.9,16.65,16.5,16.275,16.7,17.6,16.3,16.15,16.8,17.65,18.0,16.1,16.175,17.6,16.1,16.075,17.35,16.15,16.325,16.875,16.3,16.6,16.875,16.2,15.7,16.35,16.525,16.475,16.1,15.55,15.85,15.075,16.3,16.625,16.8,-0.2275,-0.115,-0.15,0.255,-0.6275,-0.05,-0.42,-0.4675,-0.56,-0.26,-0.0125,-0.375,0.02,-0.205,-0.695,-0.26,-0.1,0.215,-0.1,-0.49,-0.35,-0.3475,0.0425,-0.2925,0.075,0.41,-0.025,0.1225,0.2375,0.0225,0.64,0.1975,-0.3125,-0.365,-0.565,-0.295,0.3775,-0.245,0.125,0.3575,0.26,-0.24,0.61,-0.215,-0.495,0.0125,-0.13,-0.8275,-0.685,-0.5075,-0.86,-0.74,-0.3175,0.0225,-0.3,0.525,-0.32
20140504,19,16.4,16.5,16.45,16.5,16.725,17.275,16.5,16.275,16.525,16.725,18.025,16.3,15.8,16.15,16.475,16.4,16.6,17.15,16.4,16.3,16.8,17.4,17.4,16.225,16.2,17.0,16.2,15.975,16.725,16.3,15.925,16.5,16.4,16.1,15.8,16.3,15.9,16.0,16.0,15.675,16.225,15.325,15.35,15.1,16.4,16.2,16.2,-0.21,-0.1175,-0.1575,0.213381297123425,-0.61,-0.0575,-0.4175,-0.455,-0.547086542423266,-0.255,-0.0075,-0.3675,0.025,-0.2025,-0.6925,-0.26,-0.075,0.214086753861629,-0.10296740220404,-0.3025,-0.1625,-0.2975,0.0475,-0.1575,0.16,0.4325,-0.02,0.1925,0.2375,0.0475,0.695,0.2,-0.305,-0.3425,-0.3675,-0.1525,0.4425,-0.0825,0.225,0.3825,0.2675,-0.1525,0.62,-0.195,-0.445,0.02,-0.13,-0.7975,-0.685,-0.5325,-0.825,-0.735,-0.34,0.0045332953213044,-0.2725,0.5225,-0.3175
20140507,19,16.5,17.175,18.325,16.6,17.55,20.275,16.6,16.3,16.925,17.775,19.85,16.4,16.325,17.425,16.45,16.5,16.75,18.875,16.55,16.425,16.8,17.375,19.6,16.4,16.0,18.85,16.325,15.975,18.5,16.4,16.375,17.45,16.575,16.975,17.9,16.475,16.0,16.7,16.7,16.95,16.375,15.925,16.0,15.175,16.525,17.125,17.3,-0.3125,-0.1175,-0.1625,0.2375,-0.6075,-0.06,-0.48,-0.5,-0.58,-0.32,-0.0125,-0.3825,0.03,-0.21,-0.71,-0.26,-0.17,0.2025,-0.1,-0.6375,-0.4725,-0.36,0.055,-0.3475,0.035,0.4,-0.05,0.155,0.25,0.0525,0.585,0.1925,-0.3025,-0.3575,-0.6325,-0.34,0.37,-0.255,0.105,0.3625,0.255,-0.215,0.64,-0.2025,-0.525,0.0075,-0.1325,-0.88,-0.71,-0.515,-0.88,-0.7625,-0.3125,0.0175,-0.2875,0.5225,-0.3175
20140510,19,16.85,18.075,20.0,16.925,18.75,22.85,16.95,16.525,18.05,19.275,22.425,16.625,17.325,18.875,16.75,16.825,17.65,20.45,16.825,16.6,17.05,17.95,21.7,16.675,16.975,20.775,16.65,16.875,20.575,16.725,17.325,19.075,16.875,18.025,19.975,16.775,16.2,17.525,17.975,18.4,16.625,16.9,17.35,15.55,16.85,18.05,18.8,-0.4175,-0.125,-0.1675,0.22,-0.61,-0.0525,-0.545,-0.56,-0.605,-0.37,-0.01,-0.42,0.0275,-0.215,-0.7375,-0.255,-0.275,0.195,-0.1,-1.03,-0.855,-0.43,0.1025,-0.6,-0.0825,0.3825,-0.08,0.0925,0.3125,0.0625,0.4925,0.19,-0.3225,-0.3925,-0.8875,-0.51,0.335,-0.4525,0.015,0.3775,0.25,-0.285,0.7075,-0.205,-0.6075,-0.0025,-0.13,-0.9775,-0.7375,-0.4925,-0.9325,-0.785,-0.27,0.005,-0.2875,0.525,-0.3175
20140513,20,17.175,18.275,20.575,17.25,18.575,21.925,17.275,16.875,18.075,19.325,21.875,16.95,17.7,19.9,17.325,17.1,17.75,20.725,17.125,16.825,17.625,18.9,20.925,17.0,17.35,20.875,17.0,17.25,20.725,17.075,17.475,19.825,17.2,18.1,20.5,17.1,16.525,17.775,18.575,19.1,16.95,17.2,18.6,16.1,17.2,18.175,19.925,-0.395,-0.1375,-0.1775,0.22,-0.61,-0.0525,-0.5275,-0.5325,-0.595,-0.3525,-0.03,-0.375,0.05,-0.2275,-0.7225,-0.25,-0.2275,0.1975,-0.1,-0.735,-0.565,-0.3275,0.0575,-0.37,0.075,0.445,-0.0725,0.23,0.355,0.095,0.6,0.19,-0.3175,-0.3675,-0.7525,-0.3825,0.445,-0.3075,0.14,0.455,0.25,-0.18,0.76,-0.1825,-0.6075,-0.005,-0.13,-0.99,-0.74,-0.4675,-0.9275,-0.775,-0.2475,-0.0025,-0.26,0.535,-0.32
20140516,20,17.3,18.15,19.825,17.4,18.45,21.8,17.4,17.2,17.975,19.1,21.55,17.15,17.4,19.2,17.6,17.275,17.775,20.35,17.3,17.125,17.9,19.1,21.3,17.1,17.25,20.875,17.1,17.2,20.625,17.2,17.575,19.35,17.3,18.125,19.225,17.2,16.8,17.65,18.1,18.25,17.1,17.275,17.525,16.25,17.3,18.0,18.9,-0.3625,-0.135,-0.1775,0.23,-0.6,-0.06,-0.5125,-0.53,-0.595,-0.34,-0.025,-0.365,0.0425,-0.225,-0.7225,-0.25,-0.2225,0.195,-0.106845624714856,-0.76,-0.5925,-0.345,0.0575,-0.3725,0.085,0.4375,-0.0725,0.225,0.36,0.09,0.585,0.190715168898546,-0.325,-0.3725,-0.715,-0.3575,0.4325,-0.26,0.1575,0.4525,0.25,-0.1575,0.7625,-0.1825,-0.585,-0.0075,-0.15589516773424,-0.94,-0.7275,-0.485,-0.8925,-0.755,-0.27,0.0075,-0.23,0.5375,-0.3225
20140519,21,17.5,18.525,20.05,17.6,18.925,21.475,17.6,17.4,18.2,19.25,20.95,17.4,17.75,19.4,17.8,17.475,18.275,20.675,17.5,17.375,18.1,19.25,21.425,17.35,17.725,21.325,17.3,17.675,21.35,17.4,17.95,19.975,17.575,18.4,20.375,17.45,17.0,17.975,18.45,19.1,17.35,17.275,18.05,16.5,17.55,18.4,19.3,-0.3475,-0.1375,-0.18,0.225,-0.575,-0.06,-0.4975,-0.5175,-0.5875,-0.325,-0.0275,-0.335,0.0525,-0.225,-0.7125,-0.25,-0.2175,0.1925,-0.106415814162188,-0.8025,-0.63,-0.355,0.04,-0.3925,0.0675,0.4425,-0.0775,0.235,0.385,0.09,0.5825,0.189128346386031,-0.325,-0.3825,-0.8175,-0.4325,0.4025,-0.3325,0.1125,0.445,0.245,-0.1875,0.785,-0.185,-0.6025,-0.0175,-0.153447497537027,-0.9475,-0.7275,-0.4825,-0.8925,-0.755,-0.2625,0.0,-0.2225,0.5375,-0.3225
20140522,21,17.975,19.525,21.35,18.1,20.525,24.6,18.075,17.625,19.95,21.15,24.65,17.75,19.2,20.475,18.05,17.9,19.75,22.325,17.9,17.6,18.45,19.65,23.75,17.75,19.3,23.2,17.75,19.025,23.35,17.85,19.2,21.6,18.025,19.75,23.075,17.9,17.25,18.9,19.775,21.925,17.75,18.575,19.5,16.825,18.0,19.525,20.6,-0.485,-0.145,-0.185,0.2125,-0.575,-0.055,-0.57,-0.575,-0.615,-0.3775,-0.0225,-0.375,0.06,-0.23,-0.74,-0.23,-0.3325,0.1875,-0.101908311887631,-1.1825,-0.995,-0.4225,0.0975,-0.6475,-0.0325,0.4275,-0.105,0.175,0.4525,0.105,0.495,0.184273255324125,-0.3325,-0.4125,-0.747515261381301,-0.625,0.3525,-0.555,0.01,0.4525,0.261586107101202,-0.2575,0.8675,-0.19,-0.7,-0.025,-0.14,-1.0975,-0.78,-0.4875,-0.965,-0.8025,-0.2275,-0.0125,-0.2375,0.5475,-0.3225
20140525,22,18.375,19.825,22.175,18.5,20.5,24.225,18.475,18.1,19.65,20.975,24.1,18.175,19.2,21.3,18.575,18.3,19.75,22.45,18.3,18.0,19.1,20.3937094245695,22.975,18.175,19.25,22.775,18.15,19.175,22.825,18.225,19.475,21.65,18.425,20.025,22.35,18.3,17.625,19.3,20.35,20.675,18.175,18.825,19.925,17.375,18.4,19.775,21.45,-0.4575,-0.145,-0.1925,0.2125,-0.565,-0.05,-0.555,-0.5475,-0.6075,-0.37,-0.0325,-0.33,0.09,-0.235,-0.7275,-0.2225,-0.3,0.19,-0.103680271520294,-0.98,-0.79,-0.3825,0.0825,-0.465,0.0675,0.4625,-0.1,0.2775,0.4825,0.145,0.565,0.182870283380101,-0.325,-0.395,-0.9075,-0.46,0.445,-0.3675,0.155,0.5225,0.245,-0.15,0.9075,-0.16,-0.6675,-0.0175,-0.14,-1.055,-0.7675,-0.45,-0.92,-0.77,-0.205,-0.0025,-0.1875,0.5525,-0.315
20140528,22,18.6,19.425,21.75,18.7,19.75,22.025,18.7,18.475,19.275,20.525,22.425,18.5,18.85,21.1,19.0,18.575,19.2,21.7,18.6,18.425,19.475,20.4270294547301,21.775,18.4,19.375,22.225,18.4,19.4,22.375,18.5,19.425,21.5,18.7,19.75,21.675,18.5,18.0,19.25,20.025,20.625,18.45,18.7,19.875,17.8,18.6,19.45,21.275,-0.3825,-0.142277405126366,-0.195,0.22,-0.545,-0.06,-0.5125,-0.5,-0.5875,-0.3225,-0.0375,-0.275,0.1075,-0.235,-0.7025,-0.22,-0.2175,0.1975,-0.101309050995007,-0.63,-0.4575,-0.2975,0.04,-0.2125,0.2325,0.515,-0.085,0.405,0.4975,0.17,0.665,0.185145031586716,-0.3175,-0.365,-0.7225,-0.315,0.5175,-0.1975,0.2775,0.56,0.25,-0.05,0.92,-0.135,-0.6275,-0.02,-0.14,-1.0025,-0.7525,-0.45,-0.89,-0.7475,-0.21,0.0025,-0.16,0.5525,-0.3125
20140531,22,18.8,21.839937200029,23.2374811014025,20.1810304708601,22.0023342337644,22.225,18.875,19.9202930293076,21.4973178579087,22.4736900579492,23.6269750739775,18.7,20.5082260618104,22.1806093780554,20.4051545239049,18.725,21.9362144656371,21.3,18.775,18.7,21.319710483927,22.5485884090553,23.988674422271,18.6,21.2231911067155,24.0173468928761,18.6,21.140141438568,23.5739034443206,20.1568869797067,21.3629459106667,22.6121427761036,20.249063724329,21.4532120800594,22.6265129188703,18.7,18.3,21.3174974731866,21.5995655252794,21.3894293271397,20.0572022891057,19.8905383139885,20.5654548029266,19.1359158638876,18.8,21.495989672668,22.3616055573238,-0.3675,-0.135805968197932,-0.182783479810024,0.23,-0.5375,-0.0367659747845561,-0.5025,-0.4925,-0.5875,-0.3075,-0.0325,-0.265,0.0262783087030694,-0.261851475088622,-0.6925,-0.2950730251195,-0.2075,0.1975,-0.1,-0.585,-0.39,-0.3075,0.0625,-0.1525,0.255,0.51,-0.0875,0.4325,0.578382750968059,0.133804397718743,0.67,0.18180518385628,-0.2975,-0.34,-0.59,-0.2175,0.5375,-0.0625,0.345,0.849233030331265,0.25,0.0425,1.12540575291347,-0.105,-0.595,-0.0261124364710845,-0.14,-0.955,-0.7375,-0.455,-0.85,-0.73,-0.0318775792758263,0.015,-0.1225,0.617852605071626,-0.305
20140603,23,19.025,22.6151670388592,23.4116125757442,19.15,21.4203190562419,24.175,19.1,20.7845237444879,22.1866077528739,21.1,23.85,18.9,21.0769995045164,22.1970047159742,21.2515642838703,18.975,22.6335601261845,22.275,19.0,18.9,22.3004072541811,23.4090890911828,23.525,18.875,21.8990830274151,22.825,18.85,19.675,23.4342740821479,18.9,22.1703951411513,22.6922255738688,19.1,20.8576163503649,22.925,18.95,18.55,22.0953744109464,22.0814305599613,21.525,18.9,19.45,19.875,19.7052018744251,19.05,21.9856506758071,22.3010660270717,-0.42,-0.133921882843873,-0.1975,0.2175,-0.51,-0.0401128222791385,-0.535,-0.5275,-0.6025,-0.3375,-0.0325,-0.2725,0.112313098142748,-0.237460901337982,-0.7075,-0.253143070456873,-0.2825,0.185,-0.11,-0.9525,-0.7425,-0.4025,0.0775,-0.3875,0.1175,0.544601856293475,-0.11,0.328823077318791,0.543815011874412,0.130483783095416,0.555,0.1775,-0.3075,-0.3625,-0.92,-0.4725,0.395,-0.2975,0.175,0.834633254128262,0.235,-0.0675,1.12637811713161,-0.12,-0.655,-0.035,-0.15,-1.0175,-0.755,-0.465,-0.88,-0.75,-0.0432464047870394,-0.0025,-0.125,0.618233395523389,-0.31
20140606,23,19.325,20.925,23.4,19.45,21.525,25.5,19.425,19.334229954571,20.825,22.15,25.775,19.175,20.25,22.0,20.000978267001,19.275,20.6295990980553,23.075,19.3,19.125,20.1934614772448,21.5356944306004,24.15,19.175,20.1,23.7,19.175,20.075,23.825,19.25,20.5,22.7,19.425,21.25,24.55,19.275,18.825,20.8502843832858,21.525,22.975,19.225,20.15,21.225,18.55,19.375,21.025,22.55,-0.5025,-0.146919466766436,-0.205,0.1875,-0.52,-0.035552290640718,-0.58,-0.5475,-0.6125,-0.385,-0.0332372663977465,-0.285,0.136989386464735,-0.239265005435499,-0.7225,-0.180087706473819,-0.3225,0.18,-0.11,-1.025,-0.8125,-0.4,0.09,-0.4175,0.1075,0.590000986273917,-0.1175,0.3725,0.5,0.168555934285771,0.55,0.1725,-0.31,-0.3675,-0.9975,-0.525,0.41,-0.3475,0.1625,0.886084358089624,0.23,-0.0575,1.21296912823979,-0.125,-0.7075,-0.035,-0.1475,-1.12,-0.7925,-0.465,-0.94,-0.7875,-0.19,-0.015,-0.1425,0.571071670120898,-0.3125
20140609,24,20.15,22.675,26.65,20.325,23.95,30.85,20.225,19.525,22.75,24.75,30.775,19.825,22.025,24.625,20.2,20.075,22.75,26.3,20.05,19.45,21.278703489182,22.6417727817494,27.95,19.95,22.7,26.95,20.0,22.525,27.15,20.075,23.025,25.45,20.35,23.925,28.525,20.075,19.225,22.375,23.975,26.475,19.925,22.9,23.775,19.275,20.175,22.925,25.375,-0.553742594022992,-0.175,-0.2175,0.1675,-0.555,-0.0306466916908327,-0.675160675559102,-0.633902321954577,-0.630241854859367,-0.46426156888609,-0.0425,-0.323633285872927,0.12571176798109,-0.2525,-0.759889570981334,-0.173853843679123,-0.425579181227736,0.1725,-0.1,-1.07674838561664,-0.850870337838775,-0.369554762902279,0.1575,-0.4482600026913,0.175619981960002,0.614326963167481,-0.1575,0.398309444776134,0.5925,0.188198876798269,0.600359011217293,0.165,-0.315,-0.4075,-0.840617554929868,-0.75,0.3825,-0.17377088516073,0.521122018570663,0.987392400651268,0.225,-0.16,1.35465829867529,-0.125,-0.835507314407728,-0.0525,-0.1425,-0.984875356685831,-0.736420402974249,-0.4525,-0.846121420819633,-0.654232726996909,-0.1325,-0.025,0.0509420691225034,0.5825,-0.3225
20140612,24,21.2,24.475,29.05,21.4,25.825,32.025,21.225,20.275,24.675,27.325,30.7,20.775,23.95,27.325,21.15,21.1,24.3,28.9,21.0,20.075,21.75,24.0,29.75,20.925,24.175,29.75,21.025,23.9,30.0,21.1,24.275,28.15,21.425,25.375,30.675,21.1,19.9,24.025,26.125,28.025,20.925,24.125,26.475,20.575,21.2,24.625,27.825,-0.57263810247428,-0.18,-0.22,0.17,-0.5525,-0.0255038070070221,-0.676028483570155,-0.614852986690504,-0.622730627942014,-0.449254610838307,-0.0525,-0.295,0.149105655199414,-0.27,-0.751568831275581,-0.17,-0.462710705763045,0.1775,-0.1,-1.09084030044016,-0.847480312916602,-0.41,0.1425,-0.385432912659432,0.04,0.51,-0.1825,0.3975,0.68,0.2425,0.46,0.16,-0.3225,-0.43,-0.743146342836254,-0.7525,0.475,-0.0630899171926906,0.0975,0.655,0.23,-0.115,1.195,-0.11,-0.898118511834849,-0.06,-0.1425,-0.962238187211557,-0.726787520520835,-0.3825,-0.810298551029329,-0.629704779806328,-0.0625,-0.03,-0.1225,0.5975,-0.301221235275084
20140615,25,21.675,23.925,27.175,21.9,24.7,28.025,21.775,21.2,24.05,25.925,26.775,21.45,23.675,26.525,22.15,21.6,23.925,27.9,21.5,20.925,22.9,25.35,27.85,21.475,23.775,28.375,21.5,23.55,28.175,21.6,23.625,27.175,21.9,24.275,26.5,21.6,20.725,23.5,25.05,24.775,21.575,23.275,25.375,21.35,21.7,23.875,26.4,-0.5025,-0.17,-0.21,0.2325,-0.5,-0.0305284390493939,-0.5625,-0.54,-0.6075,-0.32,-0.06,-0.16,0.1975,-0.27,-0.7,-0.16,-0.3625,0.195,-0.1,-0.8775,-0.67,-0.26,0.1125,-0.2325,0.34,0.6075,-0.1575,0.625,0.7025,0.29,0.6575,0.1675,-0.305,-0.375,-0.7975,-0.29,0.6825,-0.1375,0.44,0.745,0.245,0.1575,1.22,-0.0475,-0.73,-0.0425,-0.14,-1.105,-0.7875,-0.3325,-0.835,-0.68,-0.0475,0.0125,0.05,0.6,-0.31
20140618,25,21.6,22.55,24.35,21.8,23.05,25.525,21.7,21.75,23.05,23.9,25.95,21.6,22.625,23.975,22.5,21.6,22.725,24.775,21.6,21.625,23.2,24.925,25.45,21.5,22.325,24.575,21.5,21.9,23.75,21.5,21.85,23.45,21.8,22.2,23.15,21.6,21.225,21.85,22.35,22.725,21.7,21.25,22.025,21.1,21.7,22.225,23.4,-0.39,-0.175,-0.22,0.2425,-0.4625,-0.05,-0.5125,-0.485,-0.585,-0.2775,-0.0575,-0.12,0.2025,-0.27,-0.665,-0.16,-0.26,0.1925,-0.11,-0.595,-0.3825,-0.31,0.1125,-0.0025,0.44,0.5975,-0.1275,0.6775,0.655,0.2975,0.7125,0.17,-0.285,-0.32,-0.5325,-0.1475,0.5975,0.1475,0.535,0.7075,0.25,0.295,1.17,-0.025,-0.5975,-0.03,-0.15,-0.95,-0.735,-0.4025,-0.7175,-0.6325,-0.115,0.0140455225775509,0.1125,0.585,-0.3
20140621,25,21.85,23.125,25.325,22.025,23.6,26.8,21.975,22.0,23.1,24.175,26.875,21.85,22.65,24.275,22.6,21.8,22.875,25.125,21.825,21.975,23.1,24.4,25.8,21.7,22.4,25.45,21.7,22.25,25.025,21.775,22.625,24.225,22.025,23.2,25.6,21.8,21.45,22.725,23.35,24.325,21.9,22.225,22.925,21.2,21.9,23.1,24.35,-0.4475,-0.17,-0.215,0.2125,-0.4325,-0.05,-0.535,-0.4825,-0.5925,-0.305,-0.05,-0.105,0.2075,-0.265,-0.665,-0.16,-0.295,0.1875,-0.11,-0.7375,-0.5075,-0.345,0.0925,-0.0575,0.385,0.5875,-0.1375,0.6775,0.6575,0.305,0.6725,0.1675,-0.2725,-0.3075,-0.7325,-0.2925,0.535,0.0375,0.4425,0.69,0.2375,0.2775,1.1775,-0.0175,-0.6575,-0.045,-0.15,-1.0225,-0.7625,-0.4125,-0.7725,-0.6725,-0.1075,0.02,0.0975,0.595,-0.3025
20140624,26,22.225,24.1,26.825,22.425,24.975,28.65,22.375,22.225,24.275,25.675,28.875,22.175,23.9,25.55,22.875,22.175,23.95,26.4,22.225,22.2,23.225,24.5,27.525,22.075,23.625,27.05,22.075,23.25,27.175,22.15,23.425,25.85,22.425,24.1,28.05,22.175,21.725,23.375,24.4,26.5,22.175,23.175,24.375,21.575,22.275,23.95,25.9,-0.535,-0.1775,-0.2225,0.195,-0.415,-0.05,-0.5825,-0.525,-0.6075,-0.3475,-0.0525,-0.1225,0.21,-0.27,-0.685,-0.16,-0.37,0.18,-0.1075,-1.015,-0.7675,-0.3825,0.0975,-0.2425,0.305,0.5675,-0.16,0.645,0.69,0.31,0.605,0.1625,-0.2775,-0.33,-1.005,-0.4925,0.4825,-0.1675,0.315,0.68,0.22,0.1925,1.21,-0.0225,-0.745,-0.055,-0.15,-1.1475,-0.81,-0.415,-0.8425,-0.72,-0.095,-0.0025,0.0625,0.5975,-0.3025
20140627,26,22.6,24.1,26.375,22.725,24.5,26.175,22.7,22.625,23.925,25.225,26.475,22.5,23.6,25.775,23.375,22.5,23.8,26.0,22.575,22.525,23.65,25.1,26.0,22.4,23.45,26.525,22.4,23.425,26.775,22.5,23.65,26.0,22.7,24.175,26.125,22.5,22.075,23.6,24.75,25.05,22.5,23.075,24.55,22.05,22.6,24.0,25.925,-0.4225,-0.17,-0.2175,0.215,-0.3775,-0.05,-0.5175,-0.4725,-0.585,-0.285,-0.06,-0.05,0.2275,-0.2725,-0.65,-0.15,-0.28,0.1875,-0.1,-0.7175,-0.4925,-0.325,0.07,-0.035,0.41,0.605,-0.1475,0.73,0.7,0.3275,0.695,0.1625,-0.2675,-0.2975,-0.7375,-0.285,0.5975,0.03,0.46,0.725,0.2275,0.3125,1.22,0.005,-0.6725,-0.0475,-0.15,-1.0225,-0.7625,-0.38,-0.76,-0.6625,-0.085,0.015,0.125,0.6,-0.295
20140630,27,22.825,23.65,26.65,23.0,24.775,27.2,22.975,22.925,24.125,25.325,26.725,22.8,24.0,25.825,23.65,22.775,24.15,26.525,22.8,22.825,23.875,25.175,27.05,22.675,23.775,27.075,22.65,23.55,27.375,22.7,23.75,26.275,22.975,24.35,27.1,22.775,22.425,23.85,24.8,25.275,22.775,23.275,24.675,22.35,22.875,23.35,26.075,-0.4275,-0.1725,-0.22,0.2075,-0.345,-0.05,-0.515,-0.475,-0.5875,-0.2925,-0.065,-0.0375,0.23,-0.275,-0.6475,-0.15,-0.29,0.18,-0.1,-0.76,-0.5225,-0.325,0.0675,-0.035,0.41,0.6025,-0.1575,0.7525,0.73,0.3375,0.6825,0.16,-0.265,-0.29,-0.755,-0.3,0.595,0.0325,0.4525,0.7175,0.22,0.3275,1.2275,0.0125,-0.68,-0.055,-0.15,-1.015,-0.76,-0.3825,-0.7525,-0.655,-0.09,0.01,0.1475,0.5975,-0.295
20140703,27,23.05,24.175,26.85,23.2,24.95,28.8,23.175,23.125,24.45,25.625,29.1,23.025,24.025,25.725,23.825,22.975,24.225,26.775,23.025,23.1,24.025,25.25,28.0,22.9,24.025,27.475,22.85,24.0,27.825,22.925,24.375,26.525,23.175,24.875,27.85,22.975,22.725,24.2,25.05,26.15,23.0,23.85,24.55,22.5,23.075,24.25,26.125,-0.51,-0.1775,-0.225,0.185,-0.325,-0.05,-0.5675,-0.5025,-0.6075,-0.3425,-0.06,-0.0675,0.2275,-0.2775,-0.665,-0.14,-0.35,0.1675,-0.1,-0.965,-0.7125,-0.39,0.09,-0.1625,0.3325,0.58,-0.17,0.7125,0.75,0.3375,0.6175,0.16,-0.2625,-0.2925,-0.8875,-0.4025,0.52,-0.06,0.385,0.695,0.21,0.2925,1.2375,0.01,-0.72,-0.06,-0.15,-1.085,-0.785,-0.405,-0.7875,-0.6875,-0.0975,0.005,0.1375,0.6025,-0.295
20140706,28,23.475,24.9,28.1,23.6,25.675,29.9,23.6,23.425,24.975,26.525,29.85,23.4,24.675,27.1,24.15,23.4,24.775,27.95,23.425,23.35,24.35,25.8,28.525,23.3,24.625,28.25,23.3,24.65,28.4,23.35,24.875,27.325,23.6,25.425,28.675,23.4,23.025,24.75,25.9,27.1,23.375,24.55,26.025,23.025,23.5,24.975,27.4,-0.5525,-0.1875,-0.235,0.1725,-0.32,-0.05,-0.5875,-0.5175,-0.6125,-0.3575,-0.0675,-0.0625,0.23,-0.2825,-0.6725,-0.14,-0.365,0.1675,-0.1,-0.92,-0.675,-0.3525,0.0925,-0.1275,0.3675,0.595,-0.18,0.7575,0.79,0.3525,0.64,0.155,-0.26,-0.285,-0.8625,-0.36,0.5675,-0.0275,0.4325,0.72,0.21,0.3375,1.265,0.0275,-0.74,-0.0675,-0.15,-1.1325,-0.805,-0.395,-0.815,-0.7075,-0.085,-0.005,0.1325,0.6075,-0.295
20140709,28,23.675,24.5,26.825,23.8,24.675,26.375,23.8,23.725,24.275,25.425,26.475,23.6,23.975,26.325,24.6,23.6,24.4,26.55,23.6,23.65,24.7,26.175,26.175,23.5,24.5,27.075,23.5,24.525,27.35,23.6,24.525,26.675,23.8,24.925,26.0,23.6,23.375,24.4,25.3,24.875,23.6,23.825,25.1,23.3,23.7,24.4,26.525,-0.38,-0.18,-0.235,0.2025,-0.2775,-0.0412010997713175,-0.4925,-0.4375,-0.5775,-0.275,-0.0725,0.0175,0.245,-0.28,-0.6275,-0.14,-0.225,0.18,-0.1,-0.46,-0.2475,-0.2675,0.0475,0.1475,0.5225,0.6425,-0.15,0.85,0.785,0.36,0.765,0.16,-0.2475,-0.25,-0.5,-0.11,0.68,0.2075,0.58,0.745,0.225,0.445,1.2475,0.0425,-0.6225,-0.0575,-0.15,-0.955,-0.7375,-0.38,-0.7125,-0.6425,-0.105,0.0175,0.1925,0.6025,-0.2925
20140712,28,23.6,24.25,25.375,23.775,24.3,25.9,23.7,23.8,23.55,24.025,25.575,23.675,23.075,24.075,24.45,23.6,23.925,24.775,23.6,23.875,24.55,25.4,25.6,23.5,23.5,25.375,23.425,23.625,25.55,23.5,23.925,24.875,23.8,24.35,25.6,23.6,23.55,24.025,24.075,24.225,23.6,22.85,22.925,22.975,23.7,24.175,24.825,-0.32,-0.17,-0.23,0.2075,-0.225,-0.0412978206304211,-0.45,-0.418418395481863,-0.57,-0.245,-0.0625,0.055,0.2425,-0.2725,-0.6,-0.14,-0.1925,0.1875,-0.1,-0.4675,-0.2375,-0.3425,0.035,0.185,0.4875,0.6075,-0.14,0.8325,0.7575,0.3575,0.735,0.1625,-0.225,-0.215,-0.49,-0.135,0.5575,0.26,0.5325,0.6875,0.215,0.47,1.1925,0.045,-0.58,-0.055,-0.15,-0.8625,-0.7075,-0.4225,-0.65,-0.625,-0.1625,0.0275,0.2225,0.6,-0.2875
20140715,29,23.7,24.225,25.6,23.8,24.45,27.0,23.8,23.7,23.825,24.5,27.1,23.7,23.3,24.375,24.275,23.6,24.05,25.575,23.7,23.9,24.3,24.95,26.525,23.6,23.95,25.875,23.5,24.05,25.875,23.6,24.275,25.075,23.8,24.575,25.825,23.7,23.625,24.075,24.35,24.35,23.7,23.225,23.325,22.9,23.7,24.175,24.9,-0.3775,-0.1775,-0.2275,0.195,-0.2025,-0.0448562491960911,-0.4975,-0.445,-0.585,-0.2825,-0.06,0.015,0.2325,-0.2725,-0.62,-0.14,-0.2375,0.1675,-0.09,-0.575,-0.3275,-0.3525,0.0625,0.12,0.455,0.5975,-0.16,0.8175,0.7575,0.3575,0.7025,0.1625,-0.2175,-0.2025,-0.515,-0.155,0.5525,0.2475,0.52,0.685,0.2075,0.48,1.1825,0.0525,-0.5975,-0.055,-0.1475,-0.9125,-0.73,-0.445,-0.6725,-0.655,-0.1675,0.0175,0.2125,0.6,-0.2825
20140718,29,24.05,25.25,27.975,24.175,26.075,31.25,24.075,23.8,25.225,26.675,31.05,23.875,24.625,26.4,24.325,23.975,25.15,28.075,24.025,23.925,24.35,25.275,29.475,23.925,25.1,28.7,23.9,25.25,28.475,23.975,25.575,27.175,24.225,26.275,28.775,24.025,23.775,25.375,25.975,27.2,23.875,25.625,25.9,23.425,24.075,25.525,26.875,-0.555,-0.1825,-0.2325,0.155,-0.2125,-0.05,-0.61,-0.535,-0.6275,-0.3875,-0.06,-0.0625,0.22,-0.28,-0.6775,-0.13,-0.385,0.1525,-0.09,-1.0625,-0.805,-0.4275,0.11,-0.215,0.28,0.5575,-0.1975,0.73,0.79,0.36,0.5625,0.15,-0.22,-0.2275,-0.8975,-0.4075,0.47,-0.04,0.3725,0.6775,0.185,0.375,1.2375,0.0425,-0.7275,-0.075,-0.14,-1.1225,-0.81,-0.4425,-0.805,-0.725,-0.12,-0.0175,0.165,0.6075,-0.2925
20140721,30,24.5,26.175,29.25,24.675,26.825,30.025,24.5,24.125,25.975,27.7,28.575,24.25,25.6,28.175,24.85,24.4,25.875,29.325,24.4,24.125,24.95,26.35,29.275,24.375,25.65,30.1,24.375,25.625,30.1,24.4,25.775,28.725,24.7,26.6,29.125,24.5,24.075,25.825,26.85,26.925,24.325,25.4,27.125,23.925,24.575,26.15,28.3,-0.47,-0.18,-0.2375,0.1625,-0.195,-0.05,-0.55,-0.5075,-0.605,-0.3375,-0.075,-0.005,0.2325,-0.29,-0.6475,-0.13,-0.33,0.16,-0.0925,-0.765,-0.5375,-0.29,0.05,-0.0275,0.4175,0.62,-0.1925,0.8325,0.835,0.37,0.6675,0.15,-0.2275,-0.23,-0.69,-0.25,0.65,0.0825,0.4775,0.7425,0.1925,0.4375,1.2625,0.0625,-0.705,-0.0775,-0.14,-1.045,-0.7725,-0.3725,-0.7575,-0.6775,-0.09,-0.0175,0.2025,0.61,-0.29
20140724,30,24.5,25.675,27.775,24.675,26.025,29.275,24.575,24.5,25.6,26.625,28.875,24.4,25.05,26.85,25.2,24.5,25.55,28.175,24.5,24.45,25.325,26.65,28.65,24.4,25.45,28.525,24.4,25.4,28.225,24.5,25.575,27.275,24.7,26.0,27.325,24.525,24.4,25.475,25.975,26.2,24.5,25.075,25.675,24.0,24.6,25.65,26.95,-0.435,-0.185,-0.2375,0.175,-0.17,-0.05,-0.53,-0.4875,-0.6,-0.3175,-0.075,0.0025,0.235,-0.29,-0.64,-0.13,-0.29,0.1575,-0.095,-0.6175,-0.3875,-0.295,0.06,0.0825,0.4725,0.62,-0.1825,0.855,0.83,0.37,0.7075,0.15,-0.21,-0.2025,-0.5425,-0.1525,0.6225,0.21,0.54,0.7225,0.1975,0.5,1.2425,0.07,-0.65,-0.075,-0.14,-0.995,-0.7575,-0.4125,-0.72,-0.665,-0.12,-0.0025,0.2175,0.61,-0.29
20140727,31,24.7,25.65,27.125,24.8,25.9,27.15,24.7,24.7,25.3,26.225,27.05,24.55,24.925,26.575,25.4,24.6,25.525,27.425,24.6,24.7,25.5,26.65,27.5,24.6,25.25,27.775,24.575,25.175,27.65,24.6,25.325,26.975,24.9,25.75,26.4,24.7,24.6,25.3,25.775,25.1,24.675,24.6,25.425,24.1,24.7,25.525,26.55,-0.355,-0.175,-0.23,0.1925,-0.1375,-0.043839571876163,-0.48,-0.4525,-0.5825,-0.27,-0.0725,0.025,0.2325,-0.2875,-0.6225,-0.13,-0.2375,0.1675,-0.09,-0.5525,-0.32,-0.3225,0.0575,0.1225,0.4725,0.6175,-0.175,0.8525,0.82,0.375,0.7225,0.1525,-0.2025,-0.185,-0.45,-0.105,0.625,0.2675,0.565,0.7175,0.2,0.53,1.2333,0.0775,-0.595,-0.0675,-0.14,-0.905,-0.725,-0.4075,-0.665,-0.635,-0.1275,0.0125,0.2425,0.6,-0.29
20140730,31,24.7,25.425,26.675,24.8,25.525,26.275,24.8,24.8,24.825,25.675,25.175,24.6,24.35,26.075,25.5,24.7,25.125,26.95,24.7,24.85,25.5,26.575,26.5,24.6,24.975,27.125,24.6,25.0,26.75,24.7,25.0,26.3,24.9,25.375,25.275,24.775,24.7,25.1,25.275,24.0,24.7,23.85,24.7,24.1,24.8,25.225,26.025,-0.2775,-0.1725,-0.2325,0.2025,-0.153216578357018,-0.05,-0.435,-0.415,-0.565,-0.2325,-0.0750226982225171,0.0675,0.235,-0.2875,-0.6,-0.13,-0.1675,0.158816886899665,-0.0920283453863006,-0.26,-0.045,-0.255,0.025,0.3025,0.57,0.6475,-0.164175478287743,0.905,0.805,0.38,0.795,0.153889928245234,-0.1875,-0.1525,-0.2425,0.03,0.67,0.4075,0.6225,0.7175,0.205,0.5925,1.18,0.0875,-0.5375,-0.06,-0.14,-0.82,-0.705,-0.4275,-0.6075,-0.62,-0.175,0.0175,0.265,0.6025,-0.285
20140802,31,24.8,25.675,27.15,24.9,26.025,29.775,24.8,24.8,25.4,26.1,29.9,24.7,24.8,25.825,25.35,24.7,25.375,27.125,24.775,24.9,25.4,26.15,28.3,24.7,25.2,26.625,24.675,25.1,26.0,24.725,25.175,25.475,24.975,25.6,26.55,24.8,24.8,25.275,25.225,25.425,24.725,24.25,24.175,23.875,24.85,25.6,26.15,-0.43,-0.1825,-0.235,0.1675,-0.143743228418561,-0.0475,-0.5425,-0.4775,-0.605,-0.3325,-0.065,-0.01,0.22,-0.28,-0.6375,-0.13,-0.2775,0.1525,-0.08,-0.6075,-0.345,-0.3675,0.0875,0.1275,0.4625,0.595,-0.19,0.85,0.8,0.375,0.68,0.154610816205117,-0.1625,-0.135,-0.4675,-0.1375,0.51,0.2975,0.525,0.66,0.195,0.565,1.22276853359056,0.085,-0.595,-0.0625,-0.13,-0.9475,-0.7475,-0.4625,-0.69,-0.6825,-0.175,0.0075,0.2275,0.605,-0.2875
20140805,32,24.9,25.75,27.375,25.0,26.1,28.95,24.9,24.9,25.35,26.25,28.3,24.75,24.925,26.35,25.475,24.825,25.45,27.425,24.9,25.0,25.5,26.3,28.225,24.8,25.1,27.075,24.8,25.025,26.5,24.85,25.225,25.825,25.075,25.625,26.425,24.9,24.9,25.4,25.425,25.2,24.8,24.35,24.525,23.9,24.975,25.725,26.425,-0.38,-0.18,-0.23,0.1775,-0.135575152041503,-0.0467,-0.51,-0.4625,-0.59,-0.3075,-0.07,-0.0167,0.2233,-0.2825,-0.625,-0.13,-0.2425,0.1575,-0.08,-0.51,-0.2575,-0.33,0.065,0.185,0.4825,0.6025,-0.1875,0.875,0.8033,0.3767,0.7125,0.152457529363903,-0.15,-0.12,-0.3975,-0.095,0.5525,0.3325,0.54,0.67,0.19,0.5833,1.2091002119666,0.065,-0.57,-0.0625,-0.125,-0.895,-0.7225,-0.435,-0.6575,-0.6575,-0.1675,0.01,0.25,0.678340963598025,-0.29
20140808,32,24.975,25.95,27.25,25.075,26.375,29.8,25.0,25.0,25.45,26.375,29.8,24.8,24.875,26.175,25.5,24.9,25.575,28.025,24.95,25.1,25.5,26.4,29.35,24.875,25.1,27.975,24.85,25.1,27.25,24.9,25.4,26.075,25.1,25.925,26.15,25.0,24.925,25.575,25.425,24.925,24.8,24.55,24.3,23.9,25.025,25.925,26.0,-0.4175,-0.1775,-0.235,0.1675,-0.106727808409952,-0.0509102405523933,-0.5425,-0.495,-0.6125,-0.34,-0.065,0.0161929326755356,0.218166507278759,-0.285,-0.65,-0.11014922679565,-0.3075,0.145,-0.08,-0.78,-0.5175,-0.4,0.0925,0.0025,0.37,0.5725,-0.205,0.8,0.900371878278715,0.384674570125885,0.729406335038125,0.15,-0.1525,-0.1275,-0.535,-0.21,0.4675,0.2225,0.445,0.635,0.18,0.618016346783583,1.21281578963753,0.107964262291815,-0.595,-0.07,-0.14984091821483,-0.92,-0.7325,-0.46,-0.6775,-0.67,-0.18,0.0075,0.286325398424099,0.680394998550515,-0.304759412463702
20140811,33,25.2,26.65,28.925,25.3,27.3519555127732,31.55,25.2,25.1,26.2,27.6,30.6333466972279,25.0,25.75,27.8,25.7,25.175,26.15,29.5,25.175,25.2,25.75,26.9,30.875,25.1,25.675,29.6,25.075,25.575,29.05,25.175,25.85,27.45,25.375,26.525,27.625,25.2,25.075,26.1,26.25,26.35,25.0,25.25,25.55,24.1,25.275,26.575,27.425,-0.495,-0.185,-0.24,0.145,-0.116851333438817,-0.0486790255939767,-0.471155065791471,-0.5425,-0.63,-0.3875,-0.07,0.0048496692749413,0.217356259682418,-0.2925,-0.6725,-0.105204691836878,-0.276536591054398,0.135,-0.08,-0.442002714190286,-0.239436954858038,-0.4,0.095,0.133944177300322,0.31,0.565,-0.184302952346201,0.7725,0.934553140525417,0.390753424669632,0.73052025101541,0.145445547426218,-0.1675,-0.1475,-0.346097735750961,-0.163053203949865,0.48,0.0925,0.3825,0.65,0.1725,0.633021648485226,1.26495045934299,0.109156501775665,-0.655,-0.0775,-0.144713507043409,-0.794307258861251,-0.693498028823158,-0.4375,-0.7325,-0.7025,-0.1475,-0.0125,0.288446794343188,0.677268621551765,-0.300442947921021
20140814,33,25.45,26.6,29.2,25.575,26.925,29.975,25.5,25.325,26.35,27.0240342557591,29.625,25.2,26.025,27.4281192100992,26.125,25.4,26.225,28.1685724977477,25.4,25.35,26.15,27.8222175155368,29.975,25.3,26.2,29.675,25.3,26.075,29.35,25.4,26.05,28.075,25.6,26.5,27.925,25.475,25.25,26.15,26.65,26.6,25.25,25.575,26.625,24.5,25.5,26.45,28.175,-0.4225,-0.1875,-0.24,0.1575,-0.0892857787831398,-0.0495075082833507,-0.5475,-0.5,-0.61,-0.34,-0.0716222137387958,0.060625935792836,0.237195154164483,-0.3,-0.6475,-0.090527795874632,-0.3025,0.145,-0.08,-0.725,-0.4875,-0.3325,0.0475,0.0275,0.425,0.6125,-0.215,0.8475,0.918126994472672,0.392268300550409,0.67,0.15,-0.16,-0.1375,-0.6,-0.2425,0.5575,0.15,0.455,0.6875,0.1725,0.644091416823632,1.26489696379907,0.10758756021793,-0.6425,-0.08,-0.14015903039573,-0.9625,-0.7475,-0.4,-0.7025,-0.68,-0.1375,-0.0125,0.307769223382363,0.682923863513243,-0.296843247214003
20140817,34,25.4,25.75,26.85,25.5,25.95,26.775,25.4,25.5,24.975,25.8,27.1,25.3,24.6,26.4,26.2,25.325,25.725,27.225,25.35,25.55,26.134609608262,27.4,27.5,25.275,25.325,27.625,25.225,25.1,27.25,25.3,24.925,26.3,25.5,25.275,24.25,25.4,25.4,25.05,24.95,23.275,25.3,23.175,24.0,24.325,25.475,25.4,25.95,-0.27,-0.1775,-0.2475,0.19,-0.0339736587473738,-0.0589842508563955,-0.4675,-0.4375,-0.585,-0.2825,-0.0774317791736932,0.0560791490423323,0.220162103742296,-0.2925,-0.62,-0.105991733438638,-0.2,0.15,-0.0913634150187876,-0.4225,-0.2,-0.3175,0.0225,0.205,0.49,0.6075,-0.1875,0.8525,0.837403876461885,0.364785008979236,0.73,0.15,-0.1625,-0.12,-0.2825,-0.0425,0.5775,0.3625,0.52,0.6525,0.185,0.638097363005189,1.13784105861415,0.110038360522425,-0.515,-0.0675,-0.157971549171451,-0.79,-0.6975,-0.4575,-0.6125,-0.65,-0.2325,0.0175,0.294426425373976,0.679669521734662,-0.299274563373111
20140820,34,25.3,25.875,26.675,25.4,26.025,27.675,25.3,25.375,25.15,25.775,27.6,25.2,24.65,25.775,25.95,25.3,25.65,26.975,25.3,25.6,26.0,26.75,27.65,25.2,25.175,27.125,25.2,25.1,26.65,25.2,25.275,25.575,25.4,25.475,24.75,25.3,25.4,25.375,24.775,24.4,25.2,23.875,23.275,23.9,25.4,25.7,25.5,-0.2925,-0.175,-0.24,0.1725,-0.0021125509603859,-0.056418498434376,-0.475,-0.445,-0.5875,-0.295,-0.07,0.0473550979530149,0.211692955508055,-0.285,-0.6175,-0.104771178898134,-0.1975,0.1475,-0.0872000788858404,-0.38,-0.155,-0.315,0.0175,0.23,0.49,0.605,-0.1875,0.8575,0.840377139423342,0.37117003803074,0.73,0.15,-0.1475,-0.105,-0.3175,-0.0775,0.51,0.35,0.4775,0.6125,0.18,0.603599209794978,1.08080386106362,0.104303262783805,-0.5225,-0.0725,-0.14984114064567,-0.82,-0.7075,-0.49,-0.635,-0.6725,-0.25,0.0025,0.25470423644293,0.681872778659152,-0.306204258372797
20140823,34,25.3,25.675,26.05,25.4,25.725,26.65,25.3,25.3,24.875,25.375,26.125,25.2,24.3,25.375,25.825,25.275,25.5,27.05,25.3,25.6,25.825,26.5,27.375,25.2,24.975,27.375,25.1,25.025,26.875,25.2,25.125,25.65,25.4,25.325,24.3,25.3,25.4,25.225,24.8,23.55,25.1,23.625,23.525,23.875,25.4,25.425,25.15,-0.2275,-0.1725,-0.24,0.175,0.0437408431827461,-0.0580483578776086,-0.4425,-0.425,-0.5825,-0.2675,-0.075,0.0591772998470673,0.208840928751426,-0.2875,-0.605,-0.107024288659798,-0.16,0.145,-0.0864276709242462,-0.2575,-0.0525,-0.275,-0.01,0.2925,0.5225,0.6125,-0.19,0.8725,0.844797350513192,0.378438049071371,0.75,0.15,-0.1425,-0.0975,-0.2125,-0.01,0.555,0.395,0.4975,0.615,0.175,0.606152569726229,1.05578430786345,0.101061589831374,-0.495,-0.075,-0.144887237964127,-0.765,-0.6975,-0.4975,-0.6075,-0.66,-0.2825,0.0,0.241660446766348,0.698228409090532,-0.309639047086138
20140826,35,25.25,25.4,25.875,25.3,25.5,27.225,25.2,25.2,24.7,25.125,27.2,25.075,24.05,25.025,25.6,25.2,25.325,26.75,25.225,25.5,25.675,26.175,27.425,25.1,24.975,26.975,25.1,25.025,26.375,25.15,25.0,25.2,25.3,25.125,23.75,25.225,25.3,25.05,24.475,23.35,25.0,23.475,23.1,23.7,25.3,25.225,24.8,-0.2425,-0.1725,-0.24,0.17,0.0400588977559573,-0.0611152848256014,-0.46,-0.445,-0.59,-0.2925,-0.0675,0.0192527318193923,0.183104901209979,-0.2825,-0.6175,-0.113487006819812,-0.17,0.1375,-0.0855308062522188,-0.29,-0.07,-0.2925,-0.005,0.2725,0.4975,0.5975,-0.1925,0.8475,0.801895546429947,0.350344764183868,0.7375,0.15,-0.1375,-0.09,-0.22,-0.0275,0.5075,0.3775,0.46,0.58,0.1675,0.575607071244175,1.00284794852898,0.0962906432275844,-0.49,-0.0725,-0.150667290477993,-0.775,-0.7,-0.5175,-0.62,-0.68,-0.305,-0.0025,0.224996718202948,0.672414025040043,-0.30637586892297
20140829,35,25.3,25.62,26.86,25.3,25.88,29.14,25.2,25.1,25.28,26.08,29.02,25.0,24.7,26.1,25.52,25.2,25.5,27.7,25.28,25.4,25.6,26.1,28.84,25.1,25.16,27.46,25.1,25.12,26.64,25.2,25.18,25.52,25.3,25.44,24.42,25.3,25.3,25.26,24.9,23.96,25.0,24.52,24.12,23.78,25.3,25.48,25.62,-0.314,-0.176,-0.24,0.152,0.0433,-0.0467,-0.516,-0.5,-0.61,-0.346,-0.068,-0.0867,0.1433,-0.288,-0.652,-0.1467,-0.236,0.128,-0.08,-0.556,-0.326,-0.362,0.04,0.086,0.39,0.57,-0.21,0.774,0.7667,0.3433,0.664,0.142366756876073,-0.124,-0.088,-0.35,-0.128,0.456,0.278,0.408,0.576,0.158,0.4867,1.0233,0.0633,-0.53,-0.08,-0.1333,-0.832,-0.724,-0.502,-0.666,-0.698,-0.27,-0.016,0.1967,0.5867,-0.3067
20140901,36,25.4,25.775,27.6,25.4,26.2,28.975,25.3,25.2,25.375,26.6,27.95,25.1,24.85,27.125,25.7,25.3,25.625,28.9,25.3,25.4,25.7,26.65,29.2,25.2,25.125,28.85,25.2,24.85,27.875,25.3,24.55,26.2,25.4,25.075,24.55,25.375,25.3,25.025,24.7,23.525,25.0,23.675,24.4,23.9,25.4,25.4,26.075,-0.285,-0.18,-0.25,0.155,0.05,-0.0475,-0.5,-0.4975,-0.6075,-0.3425,-0.0752940981193528,-0.06,0.15,-0.29,-0.6475,-0.15,-0.2275,0.1275,-0.0860523171345607,-0.4575,-0.24,-0.285,0.0125,0.145,0.4375,0.595,-0.2175,0.7975,0.7875,0.345,0.695,0.141121543935876,-0.13,-0.0925,-0.2675,-0.0725,0.5425,0.3,0.425,0.6,0.165,0.5225,1.0125,0.07,-0.5225,-0.08,-0.1375,-0.8,-0.71,-0.475,-0.65,-0.6925,-0.2775,-0.0175,0.2,0.5825,-0.31
20140904,36,25.15,24.7,24.625,25.2,25.325,24.825,25.1,25.2,24.925,25.2,24.625,24.9,23.95,24.775,25.675,25.1,25.15,25.875,25.125,25.4,25.7,26.5,25.6,25.025,24.35,25.425,25.0,23.575,24.0,25.075,23.225,23.275,25.2,23.725,22.05,25.15,25.175,23.425,22.7,21.975,24.9,21.925,21.475,23.2,25.2,24.025,23.4,-0.1425,-0.1675,-0.2425,0.1875,0.0675,-0.0691684579995301,-0.4,-0.425,-0.575,-0.26,-0.075,-0.0375,0.135,-0.285,-0.62,-0.1575,-0.0975,0.1425,-0.0850294403939208,-0.0725,0.1125,-0.285,-0.02,0.3325,0.52,0.59,-0.175,0.8025,0.725,0.3375,0.775,0.146386221335968,-0.1175,-0.0675,-0.0625,0.0025,0.43,0.4325,0.4025,0.4725,0.17,0.54,0.8875,0.065,-0.385,-0.065,-0.145,-0.695,-0.69,-0.5825,-0.5925,-0.6975,-0.4075,0.005,0.1725,0.5675,-0.305
20140907,37,25.1,24.85,25.0,25.2,25.4,27.675,25.0,25.2,24.925,25.225,27.375,24.9,24.075,24.825,25.45,25.1,25.125,27.1,25.1,25.4,25.55,26.0,28.225,25.0,24.45,26.775,24.9,24.1,25.325,25.0,24.075,24.05,25.1,24.4,23.325,25.1,24.9,24.1,23.625,22.95,24.775,23.325,22.8,23.1,25.1,24.45,23.825,-0.22,-0.165,-0.2325,0.1725,0.0775,-0.05,-0.465,-0.49,-0.605,-0.31,-0.0675,-0.095,0.115,-0.285,-0.6475,-0.16,-0.185,0.1225,-0.0847642337270247,-0.4575,-0.2475,-0.3625,0.0225,0.1,0.3725,0.5525,-0.2125,0.715,0.7325,0.3225,0.6675,0.142669585978457,-0.11,-0.0675,-0.2725,-0.1325,0.385,0.275,0.33,0.4825,0.1575,0.485,0.905,0.06,-0.45,-0.0775,-0.135,-0.75,-0.7025,-0.565,-0.625,-0.7075,-0.37,-0.01,0.1675,0.57,-0.31
20140910,37,25.1,25.325,26.325,25.2,25.775,28.575,25.1,25.1,25.275,26.1,26.975,24.9,24.45,26.05,25.4,25.1,25.475,28.3,25.1,25.3,25.5,26.25,28.625,25.0,25.075,27.725,25.0,24.675,26.275,25.05,24.6,24.8,25.2,24.85,23.825,25.1,24.8,24.65,24.325,23.125,24.7,23.475,23.5,23.25,25.2,25.025,24.8,-0.235,-0.165,-0.2325,0.16,0.0825,-0.065191524647455,-0.475,-0.4875,-0.6025,-0.325,-0.075,-0.09,-0.1025,-0.2875,-0.6425,-0.15,-0.18,0.13,-0.0846462955355108,-0.2725,-0.0625,-0.2525,-0.005,0.2175,0.4675,0.595,-0.2075,0.775,0.7475,0.2875,0.7375,0.15,-0.11,-0.065,-0.19,-0.0575,0.475,0.315,0.3725,0.5175,0.1625,0.5125,0.9025,0.0175,-0.46,-0.075,-0.1275,-0.7575,-0.7075,-0.5225,-0.645,-0.71,-0.3425,-0.0175,0.16,0.5775,-0.3575
20140913,37,24.95,24.825,24.375,25.05,24.875,24.9,24.925,25.1,23.625,23.875,24.975,24.75,22.875,23.85,25.3,24.95,24.625,25.15,24.975,25.3,25.475,26.075,24.825,24.85,23.4391805347289,23.75,24.75,23.5227350163381,22.425,24.825,23.525,22.375,24.975,24.175,20.15,24.9,24.8,23.925,22.925,19.625,24.575,21.55,20.975,22.95,24.975,24.325,22.85,-0.1175,-0.155,-0.235,0.1825,0.0925,-0.0575,-0.4025,-0.435,-0.59,-0.28,-0.07,-0.095,0.0275,-0.285,-0.6325,-0.175,-0.0775,0.14,-0.0859828576173698,0.04,0.2225,-0.29,-0.01,0.3625,0.465,0.535,-0.1625,0.7425,0.67,0.275873379503682,0.79,0.145111426916086,-0.1,-0.035,-0.0749782240846887,0.0675,0.3675,0.4675,0.335,0.34,0.175,0.525,0.7475,-0.13,-0.34,-0.06,-0.1375,-0.6425,-0.675,-0.6025,-0.5925,-0.72,-0.4775,0.01,0.1175,0.5575,-0.312256729810546
20140916,38,24.8,24.725,24.55,24.9,24.925,26.625,24.8,24.825,23.65,24.025,26.075,24.6,22.85,23.775,24.925,24.8,24.65,26.3,24.85,25.2,25.15,25.5,27.125,24.7,23.4473303303235,25.3,24.6,23.3599926417905,23.9,24.675,23.6,22.575,24.8,23.95,21.075,24.75,24.7,23.875,22.6,21.0,24.4,21.825,20.575,22.45,24.8,24.275,22.65,-0.165,-0.16,-0.2325,0.1675,0.11,-0.05,-0.44,-0.48,-0.6125,-0.315,-0.065,-0.1425,0.0025,-0.275,-0.6475,-0.18,-0.1425,0.125,-0.08,-0.265,-0.06,-0.3425,0.0025,0.185,0.3525,0.52,-0.1975,0.66,0.6675,0.2275,0.7025,0.15,-0.0975,-0.0325,-0.1225,-0.0975,0.275,0.3025,0.205,0.2925,0.16,0.435,0.71,-0.0325,-0.3825,-0.0675,-0.1325,-0.685,-0.685,-0.6125,-0.635,-0.75,-0.4825,-0.01,0.09,0.55,-0.3875
20140919,38,24.7,24.45,24.9,24.8,24.95,27.1,24.7,24.6,24.175,24.75,26.625,24.4,23.225,24.275,25.1566188050584,24.7,24.575,26.5,24.8,25.025,24.9,25.4,27.1,24.6,23.6048365388931,25.325,24.5,23.3500876726004,24.0,24.6,23.425,22.925,24.7,23.9,22.65,24.675,24.55,23.675,22.8,22.325,24.225,22.325,21.6,22.3,24.7,23.9,23.2,-0.2,-0.1625,-0.2375,0.1575,0.11,-0.05,-0.4575,-0.4875,-0.615,-0.335,-0.0625,-0.155,-0.0375,-0.2725,-0.6575,-0.18,-0.1375,0.125,-0.08,-0.175,0.0125,-0.2875,-0.0275,0.22,0.3825,0.5325,-0.1925,0.6825,0.655,0.18,0.7375,0.15,-0.09,-0.03,-0.195,-0.1575,0.2675,0.2375,0.175,0.3,0.1575,0.4125,0.7,-0.0875,-0.415,-0.075,-0.125,-0.735,-0.705,-0.6,-0.68,-0.7775,-0.4575,-0.025,0.055,0.56,-0.31310597495004
20140922,39,24.7,24.525,25.2,24.8,25.15,26.725,24.7,24.5,24.4,25.05,26.875,24.4,23.875,24.95,25.018149335053,24.8,24.85,26.65,24.8,24.9,24.95,25.525,26.975,24.6,24.075,25.625,24.5,23.725,24.575,24.6,23.825,23.625,24.7,24.225,23.625,24.7,24.4,24.05,23.625,23.25,24.2,22.8,22.75,22.4,24.75,24.175,23.925,-0.235,-0.165,-0.23,0.1525,0.1175,-0.0705911438773383,-0.4725,-0.5,-0.61,-0.35,-0.06,-0.1725,-0.04,-0.2775,-0.67,-0.17,-0.145,0.125,-0.0796764081278084,-0.2625,-0.08,-0.3125,-0.0175,0.14,0.3425,0.53,-0.195,0.6475,0.6625,0.2225,0.7225,0.15,-0.085,-0.03,-0.2875,-0.205,0.285,0.1525,0.165,0.34,0.1525,0.3675,0.735,-0.045,-0.4375,-0.07,-0.115,-0.7775,-0.7025,-0.5575,-0.715,-0.77,-0.39,-0.03,0.035,0.555,-0.4
20140925,39,24.5,24.175,23.425,24.6,24.325,23.575,24.45,24.5,23.4220711510424,23.625,23.175,24.2,22.2673796049361,23.35,24.8364571320593,24.55,24.1025697489382,24.65,24.55,24.85,25.3184433576644,25.4,24.125,24.375,22.8465983998684,23.5116545163412,24.275,22.7474100709475,22.225,24.35,22.9406237911865,21.9,24.5,23.6,20.375,24.45,24.375,23.325,22.4,19.8,24.5852792743263,20.975,20.5,22.7507982129279,24.525,23.65,22.3,-0.1,-0.1525,-0.2325,0.175,0.12,-0.0798948427571552,-0.38,-0.435,-0.59,-0.285,-0.0675,-0.16,0.0275,-0.275,-0.645,-0.1925,-0.045,0.135,-0.08,0.1275,0.164379155035416,-0.265,-0.0625,0.3475,0.405,0.5025,-0.1625,0.655,0.5875,0.275,0.785,0.143700748737591,-0.0875,-0.02,0.0075,-0.0625,0.24,0.32,0.14,-0.185125903050904,0.17,0.385,0.5825,0.01,-0.335,-0.065,-0.13,-0.645,-0.68,-0.635,-0.6625,-0.775,-0.55,-0.0125,0.0,0.5375,-0.3325
20140928,40,24.3,23.95,23.425,24.4,24.225,26.25,24.2,24.25,22.65,22.825,26.225,24.0,21.825,22.725,24.25,24.3,23.775,25.475,24.35,24.7,24.55,24.75,26.925,24.15,22.225,24.075,24.05,22.275,22.425,24.1,22.675,21.275,24.3,23.35,19.525,24.2,24.2,23.15,21.85,19.425,23.8,21.025,19.6,21.675,24.3,23.5,21.525,-0.1475,-0.1525,-0.2375,0.1575,0.1225,-0.06,-0.445,-0.5225,-0.6375,-0.3525,-0.06,-0.26,-0.015,-0.2725,-0.69,-0.21,-0.1275,0.1125,-0.08,-0.28,-0.1125,-0.3825,0.005,0.05,0.2025,0.455,-0.2025,0.49,0.5575,0.2275,0.6575,0.15,-0.0925,-0.025,-0.1225,-0.1925,0.0975,0.175,-0.005,0.06,0.1525,0.29,0.5125,-0.005,-0.3475,-0.0675,-0.135,-0.67,-0.69,-0.6725,-0.6975,-0.8175,-0.6025,-0.02,-0.045,0.611879023729015,-0.3325
20141001,40,24.15,23.95,23.6,24.3,24.325,25.575,24.1,23.95,23.025,23.6,24.35,23.8,22.075,23.35,23.975,24.2,23.925,26.425,24.2,24.5,24.3,24.825,26.75,24.0,22.55,25.125,23.9,22.475,23.225,24.0,22.725,21.575,24.175,23.2,20.15,24.1,24.0,23.1,21.825,19.875,23.6,21.1,19.875,21.475,24.175,23.475,21.575,-0.1325,-0.15,-0.23,0.1575,0.13,-0.06,-0.4225,-0.51,-0.6225,-0.34,-0.06,-0.255,-0.02,-0.27,-0.6825,-0.21,-0.1025,0.1175,-0.08,-0.1425,0.0,-0.2875,-0.055,0.105,0.2575,0.485,-0.19,0.5075,0.5575,0.2175,0.705,0.15,-0.0925,-0.03,-0.15,-0.22,0.105,0.1225,-0.0375,0.045,0.15,0.25,0.4825,-0.015,-0.35,-0.07,-0.13,-0.6725,-0.6925,-0.67,-0.7175,-0.8225,-0.595,-0.03,-0.075,0.611100893658407,-0.3325
20141004,40,23.975,23.2,22.65,24.1,23.7,25.025,23.9,23.8,23.325,23.6,25.2,23.575,22.15,22.975,23.875,24.0,23.4,25.7,24.025,24.325,24.2,24.7,26.65,23.8,22.25,24.375,23.7,21.775,22.225,23.8,21.525,21.025,23.975,22.175,19.625,23.9,23.8,21.95,20.925,19.425,23.4,20.85,19.925,21.275,24.0,22.475,21.075,-0.125,-0.155,-0.2375,0.16,0.1275,-0.06,-0.4275,-0.545,-0.6275,-0.3525,-0.0575,-0.3075,-0.045,-0.2725,-0.7025,-0.21,-0.105,0.11,-0.08,-0.2675,-0.13,-0.36,-0.0025,-0.02,0.195,0.46,-0.2025,0.4225,0.515,0.1875,0.655,0.145,-0.0925,-0.0325,-0.15,-0.2475,0.0625,0.1025,-0.0525,0.035,0.1475,0.215,0.455,-0.0275,-0.3275,-0.0675,-0.1325,-0.665,-0.695,-0.6875,-0.7125,-0.8275,-0.6075,-0.03,-0.0925,0.51,-0.34
20141007,41,23.8,23.2,22.025,23.9,23.55,23.95,23.7,23.7,22.175,22.45,23.275,23.4,21.225,22.375,23.7,23.825,23.375,25.3,23.85,24.2,24.05,24.625,25.4,23.6,21.55,23.925,23.5,21.5,21.55,23.6,21.825,20.425,23.8,22.5,18.9,23.725,23.55,22.225,21.0,18.375,23.2,20.15,19.15,21.05,23.8,22.625,20.4,-0.075,-0.145,-0.235,0.165,0.13,-0.0625,-0.3875,-0.51,-0.6225,-0.3225,-0.0625,-0.3,-0.0625,-0.275,-0.6875,-0.23,-0.0575,0.115,-0.0875,-0.0675,0.0525,-0.305,-0.055,0.095,0.22,0.455,-0.185,0.415,0.4825,0.1675,0.7075,0.15,-0.0975,-0.03,-0.0925,-0.245,0.0025,0.1025,-0.13,-0.1025,0.15,0.185,0.355,-0.045,-0.305,-0.0625,-0.1375,-0.63,-0.69,-0.7225,-0.7125,-0.8475,-0.6775,-0.03,-0.1475,0.5025,-0.34
20141010,41,23.7,23.325,22.55,23.8,23.775,24.575,23.6,23.5,23.225,23.45,24.925,23.3,22.225,22.575,23.5,23.725,23.4,24.375,23.8,24.0,23.9,24.275,25.15,23.5,22.5,23.35,23.4,22.125,22.05,23.5,22.05,21.15,23.7,22.65,21.8,23.6,23.35,22.325,21.45,21.625,23.1,21.1,20.25,20.9,23.7,22.675,21.45,-0.0145067296998194,-0.155,-0.23,0.1475,0.13,-0.055,-0.4375,-0.5175,-0.615,-0.355,-0.05,-0.3075,-0.055,-0.26,-0.6975,-0.2175,-0.0875,0.115,-0.08,-0.2325,-0.0975,-0.365,-0.05,-0.015,0.17,0.4525,-0.1775,0.3925,0.4925,0.1625,0.67,0.1475,-0.0825,-0.025,-0.3575,-0.3825,-0.01,-0.0725,-0.155,-0.0125,0.145,0.1125,0.425,-0.065,-0.385,-0.07,-0.12,-0.7425,-0.7125,-0.685,-0.8,-0.88,-0.5925,-0.0475,-0.18,0.5025,-0.3525
20141013,42,23.7,23.425,23.225,23.8,24.075,25.575,23.6,23.475,23.3,23.775,25.325,23.275,22.575,23.45,23.5,23.8,23.825,25.7,23.8,23.9,23.9,24.325,26.325,23.5,23.1,24.525,23.4,22.625,23.1,23.5,22.5,22.0,23.7,23.0,21.775,23.6,23.2,22.625,22.225,21.65,23.1,21.425,21.1,21.05,23.7,22.925,22.1,-0.0173010350782379,-0.1525,-0.225,0.1525,0.13,-0.05,-0.45,-0.5325,-0.615,-0.36,-0.0525,-0.3125,-0.05,-0.2675,-0.705,-0.2125,-0.105,0.1175,-0.0725,-0.255,-0.1175,-0.3225,-0.0475,-0.0325,0.1825,0.47,-0.19,0.4025,0.51,0.1625,0.6825,0.15,-0.09,-0.0325,-0.3325,-0.34,0.0975,-0.0775,-0.085,0.09,0.15,0.11,0.47,-0.07,-0.395,-0.0675,-0.115,-0.7475,-0.71,-0.63,-0.805,-0.85,-0.53,-0.04,-0.18,0.51,-0.36
20141016,42,23.65,23.4,22.7,23.8,23.65,23.55,23.6,23.4,23.0,23.15,22.75,23.2,22.25,22.75,23.5,23.7,23.6,24.4,23.7,23.8,23.9,24.3,24.4,23.5,22.8,23.4,23.4,22.4,22.25,23.5,22.45,21.7,23.6,23.0,21.5,23.6,23.2,22.7,22.1,20.8,23.0,21.25,20.9,21.1,23.65,23.0,21.8,-0.115,-0.145,-0.215,0.165,0.13,-0.05,-0.395,-0.47,-0.59,-0.31,-0.055,-0.265,-0.06,-0.26,-0.675,-0.21,-0.04,0.13,-0.07,0.015,0.14,-0.275,-0.085,0.14,0.26,0.47,-0.155,0.455,0.49,0.15,0.74,0.155,-0.08,-0.03,-0.195,-0.235,0.16,0.025,-0.015,0.11,0.16,0.145,0.46,-0.09,-0.365,-0.06,-0.11,-0.7,-0.685,-0.63,-0.765,-0.83,-0.54,-0.03,-0.175,0.515,-0.38
20141019,43,23.365184074275,22.1350874764014,20.9679556612849,23.3276617600617,21.9448176432198,22.1075024014368,23.0444085090036,23.0847952195516,21.5720806182629,21.4193202705256,22.410104591906,22.8478963413501,20.569701974687,20.8047228321832,22.7083816382217,23.3044476958319,22.1244712869135,22.5103814325879,23.3433232682052,23.5461445277366,23.021298470455,22.8371711487247,22.9087847837455,23.2178245721161,21.2305378012586,21.7711443245385,23.1326228889901,21.0668676066181,20.5823002248611,23.2020897562173,21.0929255600364,19.9808591064261,23.3931594785719,21.9055458258514,19.5765694709246,23.1544745206314,23.0147599511565,21.3812103399294,20.3049996395157,18.8285560029333,22.7163679159368,19.7855827989412,18.7231135078971,20.6389886141807,23.2538752840705,21.5519723237925,19.8688531402977,0.0743412438914332,-0.110308669708267,-0.2039317713399,0.157413028193694,0.209101408032384,-0.0862888129141682,-0.259915465919856,-0.43613345967444,-0.572098192693161,-0.253018827556267,-0.0385308972102234,-0.337110272103629,-0.0949604062923005,-0.234042245157193,-0.664165230503871,-0.22531886378811,0.02123552926257,0.123480711784171,-0.0771481963735314,0.159591594118961,0.196352320368927,-0.339071183155393,-0.0704617468626558,-0.0726844924492886,-0.16239743485508,0.150477048017617,-0.0883102823344912,0.143789587090273,0.303480026886789,0.0699450034510372,0.406604538111563,0.147231193710561,-0.0819941790573912,-0.0080285293964097,-0.0871741465154103,-0.503933600361054,-0.340528604020121,-0.117370774034161,-0.47627944869977,-0.534679185605359,0.14504522624741,0.012258646202396,0.195761475522175,-0.0934185630299053,-0.220252015754385,-0.0442085742005564,-0.14255279163955,-0.564728789884735,-0.680425795446471,-0.814575343664196,-0.733745153069104,-0.890570960192548,-0.711436729429084,-0.037743218957702,-0.296155894106749,0.5216108228803,-0.323502787501515
20141022,43,22.5477901272981,20.6175579750493,19.0291524032167,22.4832804506403,20.1062240632702,19.6970724696131,22.3621721909917,22.2781227321477,20.1764556829439,19.7194275862779,19.8746821791212,22.0155049052704,18.9257671775986,18.8862747826209,21.6319291243868,22.5074728250106,20.4971936226698,20.4869218082166,22.5560176298387,22.716709597604,21.9155269410139,21.4759020087433,20.7663269658717,22.3170559119806,19.3688571007121,19.5439130959009,22.1972070419535,19.2030229601672,18.3326663004086,22.3047114333501,19.2516409967548,17.9405502663095,22.5638108153207,20.3253225571062,17.3477041623689,22.2711464308127,22.1791327620154,19.7468629136254,18.3331402206052,16.3474905540475,21.7958209537299,17.9131442835549,16.5907481848532,19.4389114784622,22.4394260307718,19.8940956871058,17.8570130971189,0.121085980053702,-0.108773770360817,-0.207568627520347,0.163598976313741,0.220534310747926,-0.0966708545870446,-0.249250441160643,-0.423548329785194,-0.571534151302528,-0.244082757005209,-0.0340270505681196,-0.355661042664588,-0.124031859371863,-0.228388865101734,-0.663578327564825,-0.249794478902486,0.0576981051289643,0.127275526454699,-0.0780788152680153,0.192473371814856,0.202460586044203,-0.344110473632496,-0.0870371256010578,-0.12029954966944,-0.240300061219087,0.0568547687957572,-0.074838636317896,0.100786555832115,0.200555019066032,0.0302873312639231,0.323508185633521,0.149313110562327,-0.0907809529505422,-0.006268259926097,-0.0845120202883762,-0.536178535812061,-0.46099902678869,-0.147102214797375,-0.579097921703539,-0.725254162714139,0.147238832148996,-0.0651432804862857,0.0678204832500339,-0.123917656296172,-0.176415015299717,-0.0379382039416356,-0.147040408532634,-0.557074265754161,-0.6819786664299,-0.883772814827127,-0.729811267268026,-0.908898818312053,-0.804557024713066,-0.032667937041557,-0.351010595588782,0.522055345163969,-0.32770157944592
20141025,43,23.05,22.25,20.2,23.175,22.325,22.1,23.0,23.05,20.975,20.775,21.775,22.75,19.875,20.475,22.85,23.125,22.15,23.3,23.15,23.525,23.2,23.15,23.875,22.9,20.775,21.825,22.775,20.625,19.85,22.875,20.6,18.85,23.05,21.45,16.725,22.975,22.975,21.35,19.75,16.0,22.575,18.65,17.225,20.325,23.05,21.625,18.675,0.005,-0.1325,-0.2175,0.195,0.1325,-0.07,-0.355,-0.4925,-0.6125,-0.3,-0.0575,-0.3625,-0.09,-0.265,-0.69,-0.26,-0.0125,0.12,-0.08,0.005,0.1075,-0.3325,-0.0475,0.0375,0.0875,0.355,-0.1725,0.2625,0.3275,0.1175,0.6375,0.155,-0.1025,-0.02,0.0075,-0.24,-0.115,0.07,-0.2425,-0.3225,0.17,0.0375,0.1725,-0.085,-0.24,-0.0475,-0.135,-0.5675,-0.6725,-0.77,-0.715,-0.8575,-0.7875,-0.01,-0.28,0.4825,-0.34
20141028,44,22.65,20.8,18.625,22.8,21.55,20.4,22.6,22.675,20.975,20.575,19.375,22.35,19.175,19.55,22.35,22.75,20.95,22.55,22.775,23.275,22.75,22.725,22.65,22.525,19.1,20.525,22.4,18.15,17.45,22.475,17.175,16.3,22.675,19.35,15.25,22.575,22.6,18.375,16.5,14.375,22.15,15.95,15.0,19.25,22.65,19.3,16.7,0.06,-0.1325,-0.23,0.2,0.1375,-0.08,-0.325,-0.4875,-0.605,-0.2825,-0.0525,-0.4,-0.1275,-0.26,-0.6925,-0.28,0.03,0.12,-0.0825,0.1275,0.185,-0.33,-0.0775,0.03,0.0325,0.2875,-0.1675,0.185,0.2125,0.0775,0.57,0.155,-0.105,-0.0225,0.0325,-0.375,-0.3775,0.0475,-0.46,-0.61,0.17,-0.0325,0.0025,-0.105,-0.1775,-0.04,-0.1475,-0.53,-0.695,-0.9,-0.7075,-0.9125,-0.9375,0.0,-0.3625,0.45,-0.33
20141031,44,22.2,20.9,17.6,22.35,21.075,19.75,22.15,22.25,18.725,18.1,19.125,21.85,17.35,17.775,21.7,22.275,20.8,21.475,22.35,22.925,22.25,22.05,21.675,22.05,18.0,19.425,21.95,18.175,16.45,22.0,18.575,15.5,22.25,20.125,13.825,22.15,22.025,19.4,17.15,12.4,21.6,15.9,13.45,18.325,22.2,19.975,15.55,0.105,-0.1125,-0.2125,0.195,0.1425,-0.09,-0.3025,-0.4925,-0.6225,-0.28,-0.05,-0.455,-0.175,-0.255,-0.7025,-0.3175,0.0425,0.115,-0.0875,0.1425,0.1875,-0.335,-0.09,-0.0425,-0.1325,0.1775,-0.1575,0.06,0.1175,0.025,0.5,0.16,-0.11,-0.02,0.025,-0.4475,-0.55,-0.0575,-0.6725,-0.9075,0.16,-0.125,-0.185,-0.125,-0.1575,-0.03,-0.15,-0.5025,-0.6825,-0.9525,-0.725,-0.9675,-1.0625,-0.01,-0.445,0.43,-0.33
20141103,45,21.775,20.6,17.425,21.95,20.725,20.0,21.75,21.625,17.95,17.575,19.025,21.35,16.95,17.4,20.9,21.875,20.325,21.275,21.95,22.475,21.6,21.35,21.65,21.65,17.575,19.0,21.475,17.875,16.225,21.575,18.4,15.1,21.825,19.9,14.025,21.7,21.575,19.275,16.8,12.9,21.05,15.625,13.075,17.65,21.775,19.7,15.1,0.095,-0.1075,-0.21,0.185,0.15,-0.095,-0.3125,-0.505,-0.625,-0.305,-0.0425,-0.4975,-0.21,-0.24,-0.71,-0.33,0.0425,0.1125,-0.0875,0.0975,0.125,-0.3325,-0.11,-0.1425,-0.245,0.1225,-0.1475,-0.0275,0.0725,-0.015,0.43,0.165,-0.1075,-0.0225,-0.08,-0.5625,-0.6725,-0.2025,-0.82,-1.04,0.1575,-0.2275,-0.2825,-0.1525,-0.17,-0.0325,-0.145,-0.5125,-0.6825,-0.96,-0.7725,-1.0025,-1.075,-0.0225,-0.515,0.42,-0.33
20141106,45,21.5,20.475,17.875,21.65,19.8,17.6,21.375,21.025,18.625,18.175,16.575,20.9,18.075,17.9,20.5,21.6,19.875,19.65,21.625,22.025,21.075,20.8,18.9,21.3,18.525,18.425,21.175,18.5,17.025,21.25,18.675,16.45,21.5,19.975,16.6,21.375,21.225,19.275,17.5,15.225,20.575,16.925,15.225,17.5,21.475,19.675,16.475,0.07,-0.11,-0.2,0.1625,0.1525,-0.08,-0.305,-0.4625,-0.59,-0.3075,-0.04,-0.465,-0.2,-0.23,-0.705,-0.32,0.0775,0.12,-0.08,0.2075,0.2125,-0.2975,-0.1775,-0.12,-0.2375,0.11,-0.1025,0.0,0.065,-0.0175,0.455,0.1575,-0.09,-0.02,-0.235,-0.62,-0.5625,-0.3325,-0.745,-0.825,0.145,-0.2825,-0.2,-0.1775,-0.235,-0.0425,-0.12,-0.5725,-0.6975,-0.895,-0.855,-1.01,-0.96,-0.05,-0.5375,0.435,-0.34
20141109,46,21.2,20.2,17.575,21.35,20.0,17.775,21.05,20.65,18.575,17.725,17.45,20.525,17.7,16.85,20.175,21.3,20.025,18.375,21.3,21.625,20.675,19.925,18.375,20.975,18.6,17.375,20.85,18.6,16.65,20.925,18.7,16.725,21.2,19.8,16.825,21.075,20.925,19.225,17.8,15.8,20.225,16.7,15.475,17.4,21.175,19.575,16.775,0.0525,-0.11,-0.1925,0.1675,0.16,-0.0775,-0.3175,-0.4675,-0.5875,-0.315,-0.03,-0.48,-0.2025,-0.225,-0.7025,-0.32,0.0675,0.1225,-0.07,0.1175,0.135,-0.3525,-0.155,-0.1825,-0.2775,0.085,-0.105,-0.0325,0.045,-0.0275,0.4225,0.165,-0.0875,-0.0125,-0.255,-0.585,-0.4775,-0.36,-0.7025,-0.735,0.15,-0.3175,-0.17,-0.2,-0.255,-0.04,-0.12,-0.59,-0.6925,-0.85,-0.875,-0.995,-0.8975,-0.05,-0.5625,0.44,-0.35
20141112,46,20.975,20.0,17.475,21.1,19.725,17.15,20.775,20.35,18.475,17.75,16.125,20.275,17.575,16.875,19.825,21.05,19.725,18.125,21.05,21.225,20.275,19.425,17.575,20.7,18.7,17.225,20.6,18.5,16.575,20.675,18.7,16.8,20.975,19.7,16.6,20.85,20.65,19.2,17.8,15.55,20.0,16.775,15.65,17.325,20.95,19.45,16.8,0.0625,-0.11,-0.19,0.17,0.155,-0.07,-0.305,-0.45,-0.58,-0.3075,-0.03,-0.4675,-0.2,-0.22,-0.695,-0.3175,0.08,0.13,-0.0749019727250532,0.205,0.215,-0.3075,-0.185,-0.14,-0.2575,0.0725,-0.09,-0.015,0.0225,-0.03,0.425,0.1625,-0.0875,-0.01,-0.23,-0.5575,-0.425,-0.3575,-0.6575,-0.68,0.1575,-0.335,-0.1475,-0.2125,-0.255,-0.04,-0.1175,-0.5925,-0.69,-0.83,-0.8875,-0.9875,-0.865,-0.05,-0.585,0.44,-0.3575
20141115,46,20.675,19.75,17.375,20.8,19.425,17.1,20.475,20.075,18.175,17.425,15.9,20.0,17.075,16.475,19.475,20.75,19.275,17.9,20.725,20.875,19.95,18.975,17.1,20.425,17.975,16.825,20.3,18.025,16.275,20.4,18.325,16.7,20.7,19.475,16.1,20.55,20.4,19.0,17.675,14.95,19.725,16.4,15.375,17.2,20.65,19.3,16.725,0.0625,-0.11,-0.1875,0.1775,0.15,-0.075,-0.3075,-0.4425,-0.5825,-0.3025,-0.03,-0.4725,-0.2,-0.22,-0.695,-0.32,0.0775,0.1325,-0.0755565957734049,0.2325,0.24,-0.305,-0.1875,-0.1325,-0.275,0.0475,-0.0875,-0.025,-0.0075,-0.0325,0.405,0.1675,-0.085,-0.0075,-0.195,-0.5325,-0.4075,-0.3475,-0.6575,-0.6875,0.16,-0.355,-0.1625,-0.2275,-0.2525,-0.03,-0.1175,-0.5875,-0.685,-0.8175,-0.89,-0.98,-0.855,-0.0475,-0.6075,0.44,-0.36
20141118,47,20.3,18.875,15.6,20.425,18.125,13.925,20.075,19.75,16.275,15.075,12.675,19.65,15.825,14.85,19.05,20.375,17.55,15.5,20.35,20.55,19.45,18.3,14.325,20.05,16.675,14.6,19.95,16.975,14.2,20.05,17.575,15.1,20.35,18.925,14.025,20.175,20.175,18.375,16.625,12.75,19.425,15.05,13.7,16.8,20.275,18.675,15.3,0.135,-0.0925,-0.18,0.19,0.15,-0.08,-0.255,-0.389353418826092,-0.57,-0.265,-0.03,-0.4725,-0.2075,-0.21,-0.68,-0.34,0.12,0.149423848611125,-0.0766474905685905,0.3825,0.3725,-0.3,-0.154538627468984,-0.0875,-0.3725,-0.0925,-0.0525,-0.0775,-0.105,-0.0525,0.3225,0.161177697722554,-0.0925,0.0,-0.085,-0.52,-0.52,-0.3,-0.715,-0.86,0.17,-0.3875,-0.25,-0.24,-0.2025,-0.02,-0.12,-0.5375,-0.67,-0.8725,-0.8575,-0.9775,-0.935,-0.0325,-0.635,0.43,-0.36
20141121,47,19.85,18.45,14.75,19.95,18.125,15.325,19.625,19.175,15.1,14.125,13.4,19.2,14.4,13.875,18.3,19.9,18.025,16.825,19.9,20.1,18.7,17.35,16.35,19.6,15.825,15.05,19.5,16.725,13.625,19.6,17.325,13.9,19.95,18.325,12.05,19.75,19.85,18.05,15.75,10.65,19.0,13.6,11.7,16.025,19.85,18.275,13.775,0.15,-0.0875,-0.1825,0.1975,0.1475,-0.095,-0.2625,-0.4375,-0.5925,-0.2775,-0.03,-0.5475,-0.255,-0.21,-0.7025,-0.36,0.115,0.135,-0.079368838034434,0.2725,0.2425,-0.3,-0.16,-0.25,-0.5025,-0.15,-0.075,-0.2075,-0.185,-0.105,0.235,0.161479077995793,-0.1025,-0.005,-0.05,-0.5575,-0.6725,-0.335,-0.87,-1.095,0.17,-0.465,-0.38,-0.2625,-0.165,-0.0125,-0.1325,-0.505,-0.6675,-0.9225,-0.845,-0.99,-1.0275,-0.03,-0.6925,0.4125,-0.3525
20141124,48,19.475,18.15,15.05,19.55,18.025,16.425,19.175,18.575,15.675,14.7,15.325,18.75,14.925,14.025,17.725,19.475,17.825,16.75,19.475,19.625,18.175,16.9,16.8,19.2,16.225,15.3,19.1,16.6,14.175,19.225,17.0,14.175,19.55,18.0,13.9,19.4,19.525,17.65,15.575,12.725,18.55,14.2,12.275,15.45,19.475,17.85,14.175,0.095,-0.095,-0.18,0.18,0.14,-0.09,-0.3025,-0.4775,-0.6,-0.31,-0.0175,-0.5825,-0.2675,-0.2,-0.7175,-0.355,0.09,0.13,-0.0782848461028767,0.065,0.04,-0.34,-0.1175,-0.4125,-0.5725,-0.1375,-0.085,-0.2975,-0.185,-0.135,0.1975,0.162244117796583,-0.0975,-0.01,-0.225,-0.645,-0.6525,-0.475,-0.89,-1.0125,0.17,-0.5375,-0.35,-0.285,-0.2075,-0.02,-0.12,-0.5525,-0.675,-0.8825,-0.9,-1.01,-0.955,-0.04,-0.7225,0.42,-0.36
20141127,48,19.15,18.0,15.3,19.225,18.0,15.675,18.85,18.175,16.2,15.5,14.825,18.35,15.225,14.5,17.375,19.175,17.85,16.2,19.125,19.175,17.9,16.875,15.4,18.875,16.625,15.175,18.8,16.65,14.5,18.925,16.75,14.675,19.25,17.8,14.8,19.1,19.175,17.375,15.725,13.75,18.175,14.5,13.075,15.275,19.175,17.6,14.775,0.0625,-0.1,-0.1775,0.1775,0.1375,-0.08,-0.31,-0.4775,-0.5875,-0.32,-0.015,-0.5925,-0.2625,-0.2,-0.725,-0.35,0.085,0.1375,-0.0757152649598823,0.0575,0.0325,-0.325,-0.1325,-0.425,-0.56,-0.125,-0.0725,-0.3075,-0.19,-0.1425,0.2025,0.163560395411287,-0.1,-0.01,-0.3025,-0.655,-0.5825,-0.55,-0.855,-0.9,0.17,-0.585,-0.3025,-0.330093685768555,-0.2425,-0.02,-0.1175,-0.5925,-0.6825,-0.8425,-0.9425,-1.01,-0.89,-0.05,-0.7525,0.42,-0.36
20141130,49,18.9,17.875,15.475,19.0,17.8,15.7,18.575,17.925,16.45,15.8,15.1,18.075,15.475,14.775,17.175,18.9,17.475,16.2,18.85,18.85,17.7,16.75,15.775,18.6,16.45,15.175,18.6,16.55,14.575,18.7,16.7,14.825,19.0,17.7,14.85,18.9,18.85,17.3,15.85,14.3,17.9,14.9,13.6,15.2,18.925,17.5,14.9,0.04,-0.1,-0.17,0.18,0.125,-0.08,-0.325,-0.4875,-0.59,-0.325,-0.01,-0.6025,-0.2675,-0.2,-0.7275,-0.35,0.08,0.14,-0.0755621682642477,-0.01,-0.035,-0.345,-0.11,-0.49,-0.575,-0.1125,-0.07,-0.335,-0.1825,-0.155,0.21,0.164767325921998,-0.1025,-0.015,-0.335,-0.6475,-0.5175,-0.5875,-0.805,-0.7925,0.17,-0.605,-0.2575,-0.352579346250388,-0.255,-0.02,-0.11,-0.61,-0.68,-0.815,-0.965,-1.0,-0.8375,-0.0525,-0.76,0.43,-0.3725
20141203,49,18.75,17.425,15.625,18.8,17.5,15.975,18.375,17.8,16.65,16.225,15.05,17.9,15.6,15.35,17.1,18.75,17.025,16.875,18.65,18.575,17.6,16.8,16.625,18.45,16.025,16.0,18.4,15.925,15.075,18.55,15.725,15.025,18.85,16.8,14.4,18.7,18.575,16.5,15.25,13.75,17.775,14.85,13.6668878933727,15.3,18.775,16.825,15.05,0.04,-0.105,-0.1775,0.18,0.11,-0.08,-0.34,-0.51,-0.5925,-0.335,-0.02,-0.6225,-0.265,-0.2025,-0.735,-0.35,0.07,0.14,-0.0777414289078787,-0.085,-0.1225,-0.3475,-0.095,-0.5575,-0.5825,-0.09,-0.0825,-0.3575,-0.1925,-0.1775,0.1825,0.165228787542035,-0.1125,-0.03,-0.3125,-0.62,-0.445,-0.5875,-0.7575,-0.7,0.18,-0.6325,-0.23,-0.355673877237244,-0.2475,-0.0175,-0.11,-0.615,-0.6875,-0.805,-0.9675,-0.99,-0.8125,-0.055,-0.765,0.425,-0.37
20141206,49,18.4,17.3,14.275,18.475,17.1,13.8,18.075,17.675,15.95,15.025,13.325,17.625,14.875,13.95,16.9,18.4,16.8,14.825,18.325,18.325,17.45,16.625,13.925,18.125,15.75,14.075,18.075,15.375,13.375,18.225,15.4,13.725,18.525,16.875,13.025,18.375,18.25,16.275,14.825,12.125,17.5,13.9,12.65,14.95,18.45,16.725,13.875,0.085,-0.0925,-0.17,0.195,0.105,-0.0825,-0.295,-0.46,-0.5775,-0.2975,-0.015,-0.6175,-0.27,-0.2,-0.725,-0.355,0.1,0.1475,-0.0787189071165304,0.1175,0.0725,-0.32,-0.155,-0.4325,-0.5425,-0.12,-0.0525,-0.3725,-0.24,-0.185,0.23,0.167878827552326,-0.12,-0.0275,-0.21,-0.5875,-0.4975,-0.525,-0.775,-0.805,0.19,-0.63,-0.2775,-0.376422686747534,-0.2175,-0.005,-0.115,-0.575,-0.68,-0.8375,-0.94,-0.985,-0.8675,-0.04,-0.77,0.42,-0.3675
20141209,50,18.075,16.65,13.6,18.175,16.525,14.1,17.775,17.4,14.85,13.925,13.025,17.375,13.8,13.325,16.525,18.075,16.05,15.35,18.025,18.075,17.15,16.15,15.15,17.825,14.35,13.775,17.775,14.3,12.35,17.875,14.2,12.425,18.2,16.0,11.15,18.05,17.875,15.2,13.5,9.825,17.25,12.55,11.325,14.45,18.15,15.8,12.675,0.12,-0.0875,-0.1825,0.21,0.085,-0.095,-0.29,-0.4825,-0.5925,-0.2925,-0.02,-0.6575,-0.2925,-0.2,-0.73,-0.37,0.105,0.1475,-0.0833062737939318,0.095,0.04,-0.3275,-0.115,-0.485,-0.61,-0.165,-0.065,-0.45,-0.305,-0.215,0.1725,0.168967888139004,-0.1325,-0.0325,-0.13,-0.6075,-0.61,-0.4975,-0.8725,-0.9825,0.1975,-0.6625,-0.3875,-0.397019386877542,-0.1675,0.005,-0.13,-0.53,-0.6775,-0.8925,-0.9075,-0.9975,-0.96,-0.0225,-0.8,0.4075,-0.3625
20141212,50,17.575,16.05,12.1,17.65,16.05,13.0,17.3,17.05,13.25,12.4,11.575,16.9,12.15,12.2,16.0,17.575,15.775,15.25,17.55,17.775,16.7,15.825,14.625,17.35,13.175,13.15,17.25,13.475,10.75,17.35,14.075,10.625,17.7,15.55,8.55,17.55,17.425,14.85,12.575,6.825,16.75,10.675,8.875,13.575,17.6,15.375,10.7,0.1725,-0.075,-0.18,0.2125,0.0675,-0.11,-0.26,-0.4925,-0.605,-0.285,-0.0225,-0.71,-0.3375,-0.1975,-0.74,-0.4025,0.12,0.145,-0.0675,0.1075,0.03,-0.325,-0.1,-0.5675,-0.72,-0.255,-0.0725,-0.595,-0.3975,-0.27,0.1025,0.171478602183519,-0.15,-0.045,-0.08,-0.6675,-0.8275,-0.54,-1.1,-1.325,0.2,-0.7525,-0.5725,-0.3675,-0.12,0.01,-0.1425,-0.4925,-0.6725,-0.9725,-0.8925,-1.03,-1.11,-0.02,-0.8675,0.3875,-0.36
20141215,51,17.2,15.8,12.25,17.275,15.9,12.925,16.925,16.475,14.1,13.1,11.925,16.475,12.925,11.9,15.425,17.2,16.0,14.25,17.175,17.375,16.225,15.3,13.475,16.95,14.525,12.975,16.85,14.35,11.55,16.975,14.325,11.3,17.3,15.4,11.675,17.125,16.975,14.85,12.675,10.5,16.275,11.75,9.575,13.0,17.2,15.075,11.25,0.1175,-0.08,-0.17,0.1975,0.0675,-0.1075,-0.2825,-0.48,-0.585,-0.3025,-0.0075,-0.715,-0.34,-0.1825,-0.74,-0.3925,0.11,0.15,-0.0815699250809478,0.0325,-0.04,-0.325,-0.1225,-0.6125,-0.7275,-0.25,-0.045,-0.6075,-0.3925,-0.28,0.0825,0.175619071865846,-0.14,-0.05,-0.3,-0.74,-0.77,-0.6975,-1.0825,-1.1875,0.19,-0.825,-0.5225,-0.395,-0.1875,0.0,-0.1275,-0.55,-0.68,-0.93,-0.9675,-1.045,-1.02,-0.0425,-0.9025,0.395,-0.36
20141218,51,16.9,15.6,12.625,17.0,15.65,12.875,16.65,16.125,14.075,13.125,12.65,16.125,12.9,11.975,15.1,16.925,15.625,13.675,16.875,17.0,15.925,14.875,13.325,16.65,14.25,12.675,16.55,14.15,11.95,16.675,14.325,12.075,17.0,15.4,11.825,16.825,16.65,14.8,13.25,10.45,15.925,12.0,10.675,12.9,16.9,15.05,12.05,0.0975,-0.08,-0.165,0.1925,0.0525,-0.1,-0.3,-0.505,-0.59,-0.3175,-0.0025,-0.7375,-0.34,-0.18,-0.75,-0.39,0.105,0.1525,-0.0840170389802387,-0.05,-0.1175,-0.36,-0.09,-0.6775,-0.7475,-0.23,-0.0475,-0.6475,-0.3925,-0.29,0.1075,0.173364710699373,-0.145,-0.0575,-0.3125,-0.72,-0.6625,-0.7275,-1.0275,-1.06,0.19,-0.835,-0.4825,-0.4,-0.21,0.0,-0.12,-0.565,-0.6825,-0.88,-0.985,-1.04,-0.9675,-0.05,-0.905,0.4,-0.37
20141221,52,16.625,15.5,13.075,16.725,15.625,15.1,16.35,15.825,14.0,13.425,14.95,15.825,13.0,12.6,14.8,16.675,15.325,14.825,16.6,16.675,15.625,14.725,15.275,16.375,13.925,13.475,16.3,13.925,12.125,16.4,14.2,12.125,16.7,15.35,12.275,16.55,16.35,14.8,13.25,11.3,15.6,12.175,10.825,12.8,16.625,15.0,12.175,0.0375,-0.0875,-0.165,0.19,0.0225,-0.0975,-0.345,-0.555,-0.61,-0.3525,0.0,-0.785,-0.355,-0.1825,-0.7725,-0.39,0.065,0.1425,-0.0865795802952422,-0.27,-0.3375,-0.33,-0.0925,-0.8675,-0.875,-0.29,-0.0625,-0.7275,-0.4175,-0.325,-0.0175,0.19,-0.1525,-0.075,-0.39,-0.755,-0.6475,-0.8025,-1.0275,-1.0175,0.19,-0.89,-0.455,-0.425,-0.23,0.0,-0.12,-0.6,-0.6825,-0.855,-1.0275,-1.05,-0.925,-0.05,-0.925,0.4,-0.3775
20141224,52,16.35,15.25,12.575,16.45,15.225,12.8,16.075,15.525,13.575,13.025,11.95,15.55,12.725,12.225,14.575,16.4,15.05,13.75,16.3,16.375,15.375,14.7,13.0,16.1,13.8,12.55,16.0,13.875,11.55,16.1,14.15,11.775,16.425,15.1,11.9,16.25,16.1,14.7,13.0,11.025,15.35,11.85,10.25,12.5,16.325,14.9,11.75,0.0725,-0.08,-0.16,0.195,0.01,-0.1,-0.3125,-0.5,-0.59,-0.3275,0.0,-0.77,-0.4025,-0.18,-0.76,-0.3875,0.1,0.16,-0.0847454410718286,-0.0975,-0.18,-0.2825,-0.1625,-0.7675,-0.845,-0.3275,-0.0275,-0.6925,-0.4325,-0.3725,-0.0275,0.19,-0.155,-0.07,-0.3725,-0.745,-0.6525,-0.7925,-1.0225,-1.0425,0.2,-0.905,-0.4725,-0.4875,-0.2275,0.0,-0.1175,-0.5975,-0.68,-0.865,-1.0275,-1.0475,-0.9375,-0.05,-0.9375,0.405,-0.4325
20141227,52,16.15,14.8,12.2,16.25,14.7,11.95,15.85,15.225,12.35,11.75,9.5,15.35,11.5,11.775,14.375,16.175,14.525,13.85,16.1,16.075,15.125,14.3,12.825,15.85,12.8,12.65,15.8,13.05,11.375,15.9,13.275,11.6,16.25,14.525,9.8,16.05,15.875,13.975,12.55,7.75,15.175,10.35,10.1,12.4,16.15,14.275,11.575,0.13,-0.075,-0.17,0.215,-0.005,-0.105,-0.2775,-0.4825,-0.59,-0.3,-0.0175,-0.755,-0.4075,-0.1875,-0.7475,-0.3975,0.1225,0.165,-0.090501291095165,0.025,-0.075,-0.337681758485134,-0.165,-0.7125,-0.84,-0.355,-0.0225,-0.705,-0.4575,-0.395,-0.04,0.19,-0.175,-0.0775,-0.2175,-0.7075,-0.66,-0.7075,-1.06,-1.1325,0.2075,-0.8975,-0.55,-0.4975,-0.19,0.01,-0.1325,-0.535,-0.6775,-0.8825,-0.98,-1.0425,-1.0075,-0.0375,-0.9375,0.3925,-0.364568292432276
20141230,53,15.55,13.6,9.3,15.65,13.725,9.475,15.25,14.85,11.925,10.575,8.47735610796162,14.8,9.825,8.95,13.725,15.55,13.45,11.675,15.525,15.775,14.65,13.525,11.125,15.3,11.35,10.05,15.2,10.75,7.95,15.3,10.075,7.9,15.65,12.525,6.175,15.45,15.45,11.45,9.325,4.525,14.65,7.525,6.025,11.15,15.55,12.425,8.275,0.2025,-0.07,-0.1825,0.2275,-0.0325,-0.1275,-0.235,-0.4725,-0.59,-0.2775,-0.005,-0.7875,-0.4575,-0.175,-0.7475,-0.4175,0.217450725576337,0.1625,-0.07,0.085,-0.0425,-0.29,-0.1525,-0.745,-0.91,-0.4575,-0.025,-0.8025,-0.565,-0.4375,-0.11,0.19,-0.1825,-0.0825,-0.12,-0.78,-0.9575,-0.685,-1.275,-1.5125,0.21,-0.9675,-0.7325,-0.52,-0.0061262314351924,0.03,-0.145,-0.4875,-0.6825,-1.02400595571489,-0.935,-1.0775,-1.17011978406524,-0.0453331165178616,-0.98,0.3775,-0.376970750223468
